-- MySQL dump 10.16  Distrib 10.1.14-MariaDB, for Linux (x86_64)
--
-- Host: sotadb.resolver.staging.prod01.internal.advancedtelematic.com    Database: sota_resolver
-- ------------------------------------------------------
-- Server version	10.0.17-MariaDB

/*!40101 SET @OLD_CHARACTER_SET_CLIENT=@@CHARACTER_SET_CLIENT */;
/*!40101 SET @OLD_CHARACTER_SET_RESULTS=@@CHARACTER_SET_RESULTS */;
/*!40101 SET @OLD_COLLATION_CONNECTION=@@COLLATION_CONNECTION */;
/*!40101 SET NAMES utf8 */;
/*!40103 SET @OLD_TIME_ZONE=@@TIME_ZONE */;
/*!40103 SET TIME_ZONE='+00:00' */;
/*!40014 SET @OLD_UNIQUE_CHECKS=@@UNIQUE_CHECKS, UNIQUE_CHECKS=0 */;
/*!40014 SET @OLD_FOREIGN_KEY_CHECKS=@@FOREIGN_KEY_CHECKS, FOREIGN_KEY_CHECKS=0 */;
/*!40101 SET @OLD_SQL_MODE=@@SQL_MODE, SQL_MODE='NO_AUTO_VALUE_ON_ZERO' */;
/*!40111 SET @OLD_SQL_NOTES=@@SQL_NOTES, SQL_NOTES=0 */;

--
-- Current Database: `sota_resolver`
--

CREATE DATABASE /*!32312 IF NOT EXISTS*/ `sota_resolver` /*!40100 DEFAULT CHARACTER SET utf8 */;

USE `sota_resolver`;

--
-- Table structure for table `Component`
--

DROP TABLE IF EXISTS `Component`;
/*!40101 SET @saved_cs_client     = @@character_set_client */;
/*!40101 SET character_set_client = utf8 */;
CREATE TABLE `Component` (
  `partNumber` varchar(200) NOT NULL,
  `description` text,
  `namespace` char(200) NOT NULL,
  PRIMARY KEY (`namespace`,`partNumber`)
) ENGINE=InnoDB DEFAULT CHARSET=latin1;
/*!40101 SET character_set_client = @saved_cs_client */;

--
-- Dumping data for table `Component`
--

LOCK TABLES `Component` WRITE;
/*!40000 ALTER TABLE `Component` DISABLE KEYS */;
/*!40000 ALTER TABLE `Component` ENABLE KEYS */;
UNLOCK TABLES;

--
-- Table structure for table `Filter`
--

DROP TABLE IF EXISTS `Filter`;
/*!40101 SET @saved_cs_client     = @@character_set_client */;
/*!40101 SET character_set_client = utf8 */;
CREATE TABLE `Filter` (
  `name` varchar(200) NOT NULL,
  `expression` text NOT NULL,
  `namespace` char(200) NOT NULL,
  PRIMARY KEY (`namespace`,`name`),
  UNIQUE KEY `name_unique` (`namespace`,`name`)
) ENGINE=InnoDB DEFAULT CHARSET=latin1;
/*!40101 SET character_set_client = @saved_cs_client */;

--
-- Dumping data for table `Filter`
--

LOCK TABLES `Filter` WRITE;
/*!40000 ALTER TABLE `Filter` DISABLE KEYS */;
/*!40000 ALTER TABLE `Filter` ENABLE KEYS */;
UNLOCK TABLES;

--
-- Table structure for table `Firmware`
--

DROP TABLE IF EXISTS `Firmware`;
/*!40101 SET @saved_cs_client     = @@character_set_client */;
/*!40101 SET character_set_client = utf8 */;
CREATE TABLE `Firmware` (
  `module` varchar(200) NOT NULL,
  `firmware_id` varchar(200) NOT NULL,
  `last_modified` bigint(20) NOT NULL,
  `vin` varchar(64) NOT NULL,
  `namespace` char(200) NOT NULL,
  PRIMARY KEY (`namespace`,`module`,`firmware_id`,`vin`),
  KEY `fk_firmware_vehicle` (`namespace`,`vin`),
  CONSTRAINT `fk_firmware_vehicle` FOREIGN KEY (`namespace`, `vin`) REFERENCES `Vehicle` (`namespace`, `vin`)
) ENGINE=InnoDB DEFAULT CHARSET=latin1;
/*!40101 SET character_set_client = @saved_cs_client */;

--
-- Dumping data for table `Firmware`
--

LOCK TABLES `Firmware` WRITE;
/*!40000 ALTER TABLE `Firmware` DISABLE KEYS */;
/*!40000 ALTER TABLE `Firmware` ENABLE KEYS */;
UNLOCK TABLES;

--
-- Table structure for table `InstalledComponent`
--

DROP TABLE IF EXISTS `InstalledComponent`;
/*!40101 SET @saved_cs_client     = @@character_set_client */;
/*!40101 SET character_set_client = utf8 */;
CREATE TABLE `InstalledComponent` (
  `vin` varchar(64) NOT NULL,
  `partNumber` varchar(200) NOT NULL,
  `namespace` char(200) NOT NULL,
  PRIMARY KEY (`namespace`,`vin`,`partNumber`),
  KEY `installed_component_partNumber_fk` (`namespace`,`partNumber`),
  CONSTRAINT `installed_component_partNumber_fk` FOREIGN KEY (`namespace`, `partNumber`) REFERENCES `Component` (`namespace`, `partNumber`),
  CONSTRAINT `installed_component_vin_fk` FOREIGN KEY (`namespace`, `vin`) REFERENCES `Vehicle` (`namespace`, `vin`)
) ENGINE=InnoDB DEFAULT CHARSET=latin1;
/*!40101 SET character_set_client = @saved_cs_client */;

--
-- Dumping data for table `InstalledComponent`
--

LOCK TABLES `InstalledComponent` WRITE;
/*!40000 ALTER TABLE `InstalledComponent` DISABLE KEYS */;
/*!40000 ALTER TABLE `InstalledComponent` ENABLE KEYS */;
UNLOCK TABLES;

--
-- Table structure for table `InstalledPackage`
--

DROP TABLE IF EXISTS `InstalledPackage`;
/*!40101 SET @saved_cs_client     = @@character_set_client */;
/*!40101 SET character_set_client = utf8 */;
CREATE TABLE `InstalledPackage` (
  `vin` varchar(64) NOT NULL,
  `packageName` varchar(200) NOT NULL,
  `packageVersion` varchar(200) NOT NULL,
  `namespace` char(200) NOT NULL,
  PRIMARY KEY (`namespace`,`vin`,`packageName`,`packageVersion`),
  KEY `installed_package_package_fk` (`namespace`,`packageName`,`packageVersion`),
  CONSTRAINT `installed_package_package_fk` FOREIGN KEY (`namespace`, `packageName`, `packageVersion`) REFERENCES `Package` (`namespace`, `name`, `version`),
  CONSTRAINT `installed_package_vin_fk` FOREIGN KEY (`namespace`, `vin`) REFERENCES `Vehicle` (`namespace`, `vin`)
) ENGINE=InnoDB DEFAULT CHARSET=latin1;
/*!40101 SET character_set_client = @saved_cs_client */;

--
-- Dumping data for table `InstalledPackage`
--

LOCK TABLES `InstalledPackage` WRITE;
/*!40000 ALTER TABLE `InstalledPackage` DISABLE KEYS */;
INSERT INTO `InstalledPackage` VALUES ('1JERRY78901234567','acl','2.2.52-2','demo@advancedtelematic.com'),('1JERRY78901234567','acpi','1.7-1','demo@advancedtelematic.com'),('1JERRY78901234567','acpi-support-base','0.142-6','demo@advancedtelematic.com'),('1JERRY78901234567','acpid','1:2.0.23-2','demo@advancedtelematic.com'),('1JERRY78901234567','adduser','3.113+nmu3','demo@advancedtelematic.com'),('1JERRY78901234567','apt','1.0.9.8.1','demo@advancedtelematic.com'),('1JERRY78901234567','apt-listchanges','2.85.13+nmu1','demo@advancedtelematic.com'),('1JERRY78901234567','apt-utils','1.0.9.8.1','demo@advancedtelematic.com'),('1JERRY78901234567','aptitude','0.6.11-1+b1','demo@advancedtelematic.com'),('1JERRY78901234567','aptitude-common','0.6.11-1','demo@advancedtelematic.com'),('1JERRY78901234567','aptitude-doc-en','0.6.11-1','demo@advancedtelematic.com'),('1JERRY78901234567','at','3.1.16-1','demo@advancedtelematic.com'),('1JERRY78901234567','base-files','8+deb8u2','demo@advancedtelematic.com'),('1JERRY78901234567','base-passwd','3.5.37','demo@advancedtelematic.com'),('1JERRY78901234567','bash','4.3-11+b1','demo@advancedtelematic.com'),('1JERRY78901234567','bash-completion','1:2.1-4','demo@advancedtelematic.com'),('1JERRY78901234567','bc','1.06.95-9','demo@advancedtelematic.com'),('1JERRY78901234567','ca-certificates','20141019','demo@advancedtelematic.com'),('1JERRY78901234567','console-setup','1.123','demo@advancedtelematic.com'),('1JERRY78901234567','console-setup-linux','1.123','demo@advancedtelematic.com'),('1JERRY78901234567','coreutils','8.23-4','demo@advancedtelematic.com'),('1JERRY78901234567','curl','7.38.0-4+deb8u2','demo@advancedtelematic.com'),('1JERRY78901234567','dash','0.5.7-4+b1','demo@advancedtelematic.com'),('1JERRY78901234567','dbus','1.8.20-0+deb8u1','demo@advancedtelematic.com'),('1JERRY78901234567','dc','1.06.95-9','demo@advancedtelematic.com'),('1JERRY78901234567','debconf','1.5.56','demo@advancedtelematic.com'),('1JERRY78901234567','e2fslibs','1.42.12-1.1','demo@advancedtelematic.com'),('1JERRY78901234567','laptop-detect','0.13.7','demo@advancedtelematic.com'),('1JERRY78901234567','less','458-3','demo@advancedtelematic.com'),('1JERRY78901234567','libacl1','2.2.52-2','demo@advancedtelematic.com'),('1JERRY78901234567','libalgorithm-c3-perl','0.09-1','demo@advancedtelematic.com'),('1JERRY78901234567','libaudit-common','1:2.4-1','demo@advancedtelematic.com'),('1JERRY78901234567','libaudit1','1:2.4-1+b1','demo@advancedtelematic.com'),('1JERRY78901234567','libauthen-sasl-perl','2.1600-1','demo@advancedtelematic.com'),('1V1B000000000000B','client-util','1.3.10','demo@advancedtelematic.com'),('1V1B000000000000B','glibc-binary-localedata-en-gb','2.22','demo@advancedtelematic.com'),('1V1B000000000000B','glibc-binary-localedata-en-us','2.22','demo@advancedtelematic.com'),('1V1B000000000000B','hicolor-icon-theme','0.15','demo@advancedtelematic.com'),('1V1B000000000000B','kbd-consolefonts','2.0.2','demo@advancedtelematic.com'),('1V1B000000000000B','libasound-module-bluez','5.33','demo@advancedtelematic.com'),('1V1B000000000000B','libats','1.0.0','demo@advancedtelematic.com'),('1V1B000000000000B','linux-firmware-atheros-license','0.0+git0+75cc3ef8ba','demo@advancedtelematic.com'),('1V1B000000000000B','linux-firmware-iwlwifi-6000g2b-5','0.0+git0+75cc3ef8ba','demo@advancedtelematic.com'),('1V1B000000000000B','linux-firmware-iwlwifi-license','0.0+git0+75cc3ef8ba','demo@advancedtelematic.com'),('1V1B000000000000B','linux-firmware-license','0.0+git0+75cc3ef8ba','demo@advancedtelematic.com'),('1V1B000000000000B','linux-firmware-radeon-license','0.0+git0+75cc3ef8ba','demo@advancedtelematic.com'),('1V1B000000000000B','linux-firmware-ralink-license','0.0+git0+75cc3ef8ba','demo@advancedtelematic.com'),('1V1B000000000000B','matchbox-desktop-sato','0.1+git0+810b0b08eb','demo@advancedtelematic.com'),('1V1B000000000000B','netbase','5.3','demo@advancedtelematic.com'),('1V1B000000000000B','os-release','1.0','demo@advancedtelematic.com'),('1V1B000000000000B','pointercal','0.0','demo@advancedtelematic.com'),('1V1B000000000000B','qtbase-fonts-pfa','5.5.1+git0+5afc431323','demo@advancedtelematic.com'),('1V1B000000000000B','xkeyboard-config','2.15','demo@advancedtelematic.com'),('1V1W000000000000W','client-util','1.3.9','demo@advancedtelematic.com'),('1V1W000000000000W','glibc-binary-localedata-en-gb','2.22','demo@advancedtelematic.com'),('1V1W000000000000W','glibc-binary-localedata-en-us','2.22','demo@advancedtelematic.com'),('1V1W000000000000W','hicolor-icon-theme','0.15','demo@advancedtelematic.com'),('1V1W000000000000W','kbd-consolefonts','2.0.2','demo@advancedtelematic.com'),('1V1W000000000000W','libasound-module-bluez','5.33','demo@advancedtelematic.com'),('1V1W000000000000W','libats','1.0.0','demo@advancedtelematic.com'),('1V1W000000000000W','linux-firmware-atheros-license','0.0+git0+75cc3ef8ba','demo@advancedtelematic.com'),('1V1W000000000000W','linux-firmware-iwlwifi-6000g2b-5','0.0+git0+75cc3ef8ba','demo@advancedtelematic.com'),('1V1W000000000000W','linux-firmware-iwlwifi-license','0.0+git0+75cc3ef8ba','demo@advancedtelematic.com'),('1V1W000000000000W','linux-firmware-license','0.0+git0+75cc3ef8ba','demo@advancedtelematic.com'),('1V1W000000000000W','linux-firmware-radeon-license','0.0+git0+75cc3ef8ba','demo@advancedtelematic.com'),('1V1W000000000000W','linux-firmware-ralink-license','0.0+git0+75cc3ef8ba','demo@advancedtelematic.com'),('1V1W000000000000W','matchbox-desktop-sato','0.1+git0+810b0b08eb','demo@advancedtelematic.com'),('1V1W000000000000W','netbase','5.3','demo@advancedtelematic.com'),('1V1W000000000000W','os-release','1.0','demo@advancedtelematic.com'),('1V1W000000000000W','pointercal','0.0','demo@advancedtelematic.com'),('1V1W000000000000W','qtbase-fonts-pfa','5.5.1+git0+5afc431323','demo@advancedtelematic.com'),('1V1W000000000000W','xkeyboard-config','2.15','demo@advancedtelematic.com'),('1VN300000000000N3','glibc-binary-localedata-en-gb','2.22','demo@advancedtelematic.com'),('1VN300000000000N3','glibc-binary-localedata-en-us','2.22','demo@advancedtelematic.com'),('1VN300000000000N3','hicolor-icon-theme','0.15','demo@advancedtelematic.com'),('1VN300000000000N3','kbd-consolefonts','2.0.2','demo@advancedtelematic.com'),('1VN300000000000N3','libasound-module-bluez','5.33','demo@advancedtelematic.com'),('1VN300000000000N3','linux-firmware-atheros-license','0.0+git0+75cc3ef8ba','demo@advancedtelematic.com'),('1VN300000000000N3','linux-firmware-iwlwifi-6000g2b-5','0.0+git0+75cc3ef8ba','demo@advancedtelematic.com'),('1VN300000000000N3','linux-firmware-iwlwifi-license','0.0+git0+75cc3ef8ba','demo@advancedtelematic.com'),('1VN300000000000N3','linux-firmware-license','0.0+git0+75cc3ef8ba','demo@advancedtelematic.com'),('1VN300000000000N3','linux-firmware-radeon-license','0.0+git0+75cc3ef8ba','demo@advancedtelematic.com'),('1VN300000000000N3','linux-firmware-ralink-license','0.0+git0+75cc3ef8ba','demo@advancedtelematic.com'),('1VN300000000000N3','matchbox-desktop-sato','0.1+git0+810b0b08eb','demo@advancedtelematic.com'),('1VN300000000000N3','netbase','5.3','demo@advancedtelematic.com'),('1VN300000000000N3','os-release','1.0','demo@advancedtelematic.com'),('1VN300000000000N3','pointercal','0.0','demo@advancedtelematic.com'),('1VN300000000000N3','qtbase-fonts-pfa','5.5.1+git0+5afc431323','demo@advancedtelematic.com'),('1VN300000000000N3','xkeyboard-config','2.15','demo@advancedtelematic.com'),('1VN500000000000N5','glibc-binary-localedata-en-gb','2.22','demo@advancedtelematic.com'),('1VN500000000000N5','glibc-binary-localedata-en-us','2.22','demo@advancedtelematic.com'),('1VN500000000000N5','hicolor-icon-theme','0.15','demo@advancedtelematic.com'),('1VN500000000000N5','kbd-consolefonts','2.0.2','demo@advancedtelematic.com'),('1VN500000000000N5','libasound-module-bluez','5.33','demo@advancedtelematic.com'),('1VN500000000000N5','libats','2.0.0','demo@advancedtelematic.com'),('1VN500000000000N5','linux-firmware-atheros-license','0.0+git0+75cc3ef8ba','demo@advancedtelematic.com'),('1VN500000000000N5','linux-firmware-iwlwifi-6000g2b-5','0.0+git0+75cc3ef8ba','demo@advancedtelematic.com'),('1VN500000000000N5','linux-firmware-iwlwifi-license','0.0+git0+75cc3ef8ba','demo@advancedtelematic.com'),('1VN500000000000N5','linux-firmware-license','0.0+git0+75cc3ef8ba','demo@advancedtelematic.com'),('1VN500000000000N5','linux-firmware-radeon-license','0.0+git0+75cc3ef8ba','demo@advancedtelematic.com'),('1VN500000000000N5','linux-firmware-ralink-license','0.0+git0+75cc3ef8ba','demo@advancedtelematic.com'),('1VN500000000000N5','matchbox-desktop-sato','0.1+git0+810b0b08eb','demo@advancedtelematic.com'),('1VN500000000000N5','netbase','5.3','demo@advancedtelematic.com'),('1VN500000000000N5','os-release','1.0','demo@advancedtelematic.com'),('1VN500000000000N5','pointercal','0.0','demo@advancedtelematic.com'),('1VN500000000000N5','qtbase-fonts-pfa','5.5.1+git0+5afc431323','demo@advancedtelematic.com'),('1VN500000000000N5','xkeyboard-config','2.15','demo@advancedtelematic.com'),('1VWW000000000000W','client-util','1.3.10','demo@advancedtelematic.com'),('1VWW000000000000W','client-util','1.3.9','demo@advancedtelematic.com'),('3JERRY78901234567','acl','2.2.52-2','demo@advancedtelematic.com'),('3JERRY78901234567','acpi','1.7-1','demo@advancedtelematic.com'),('3JERRY78901234567','acpi-support-base','0.142-6','demo@advancedtelematic.com'),('3JERRY78901234567','acpid','1:2.0.23-2','demo@advancedtelematic.com'),('3JERRY78901234567','adduser','3.113+nmu3','demo@advancedtelematic.com'),('3JERRY78901234567','apt','1.0.9.8.1','demo@advancedtelematic.com'),('3JERRY78901234567','apt-listchanges','2.85.13+nmu1','demo@advancedtelematic.com'),('3JERRY78901234567','apt-utils','1.0.9.8.1','demo@advancedtelematic.com'),('3JERRY78901234567','aptitude','0.6.11-1+b1','demo@advancedtelematic.com'),('3JERRY78901234567','aptitude-common','0.6.11-1','demo@advancedtelematic.com'),('3JERRY78901234567','aptitude-doc-en','0.6.11-1','demo@advancedtelematic.com'),('3JERRY78901234567','at','3.1.16-1','demo@advancedtelematic.com'),('3JERRY78901234567','base-files','8+deb8u2','demo@advancedtelematic.com'),('3JERRY78901234567','base-passwd','3.5.37','demo@advancedtelematic.com'),('3JERRY78901234567','bash','4.3-11+b1','demo@advancedtelematic.com'),('3JERRY78901234567','bash-completion','1:2.1-4','demo@advancedtelematic.com'),('3JERRY78901234567','bc','1.06.95-9','demo@advancedtelematic.com'),('3JERRY78901234567','ca-certificates','20141019','demo@advancedtelematic.com'),('3JERRY78901234567','console-setup','1.123','demo@advancedtelematic.com'),('3JERRY78901234567','console-setup-linux','1.123','demo@advancedtelematic.com'),('3JERRY78901234567','coreutils','8.23-4','demo@advancedtelematic.com'),('3JERRY78901234567','curl','7.38.0-4+deb8u2','demo@advancedtelematic.com'),('3JERRY78901234567','dash','0.5.7-4+b1','demo@advancedtelematic.com'),('3JERRY78901234567','dbus','1.8.20-0+deb8u1','demo@advancedtelematic.com'),('3JERRY78901234567','dc','1.06.95-9','demo@advancedtelematic.com'),('3JERRY78901234567','debconf','1.5.56','demo@advancedtelematic.com'),('3JERRY78901234567','e2fslibs','1.42.12-1.1','demo@advancedtelematic.com'),('3JERRY78901234567','laptop-detect','0.13.7','demo@advancedtelematic.com'),('3JERRY78901234567','less','458-3','demo@advancedtelematic.com'),('3JERRY78901234567','libacl1','2.2.52-2','demo@advancedtelematic.com'),('3JERRY78901234567','libalgorithm-c3-perl','0.09-1','demo@advancedtelematic.com'),('3JERRY78901234567','libaudit-common','1:2.4-1','demo@advancedtelematic.com'),('3JERRY78901234567','libaudit1','1:2.4-1+b1','demo@advancedtelematic.com'),('3JERRY78901234567','libauthen-sasl-perl','2.1600-1','demo@advancedtelematic.com'),('4JERRY78901234567','acl','2.2.52-2','demo@advancedtelematic.com'),('4JERRY78901234567','acpi','1.7-1','demo@advancedtelematic.com'),('4JERRY78901234567','acpi-support-base','0.142-6','demo@advancedtelematic.com'),('4JERRY78901234567','acpid','1:2.0.23-2','demo@advancedtelematic.com'),('4JERRY78901234567','adduser','3.113+nmu3','demo@advancedtelematic.com'),('4JERRY78901234567','apt','1.0.9.8.1','demo@advancedtelematic.com'),('4JERRY78901234567','apt-listchanges','2.85.13+nmu1','demo@advancedtelematic.com'),('4JERRY78901234567','apt-utils','1.0.9.8.1','demo@advancedtelematic.com'),('4JERRY78901234567','aptitude','0.6.11-1+b1','demo@advancedtelematic.com'),('4JERRY78901234567','aptitude-common','0.6.11-1','demo@advancedtelematic.com'),('4JERRY78901234567','aptitude-doc-en','0.6.11-1','demo@advancedtelematic.com'),('4JERRY78901234567','at','3.1.16-1','demo@advancedtelematic.com'),('4JERRY78901234567','base-files','8+deb8u2','demo@advancedtelematic.com'),('4JERRY78901234567','base-passwd','3.5.37','demo@advancedtelematic.com'),('4JERRY78901234567','bash','4.3-11+b1','demo@advancedtelematic.com'),('4JERRY78901234567','bash-completion','1:2.1-4','demo@advancedtelematic.com'),('4JERRY78901234567','bc','1.06.95-9','demo@advancedtelematic.com'),('4JERRY78901234567','ca-certificates','20141019','demo@advancedtelematic.com'),('4JERRY78901234567','console-setup','1.123','demo@advancedtelematic.com'),('4JERRY78901234567','console-setup-linux','1.123','demo@advancedtelematic.com'),('4JERRY78901234567','coreutils','8.23-4','demo@advancedtelematic.com'),('4JERRY78901234567','curl','7.38.0-4+deb8u2','demo@advancedtelematic.com'),('4JERRY78901234567','dash','0.5.7-4+b1','demo@advancedtelematic.com'),('4JERRY78901234567','dbus','1.8.20-0+deb8u1','demo@advancedtelematic.com'),('4JERRY78901234567','dc','1.06.95-9','demo@advancedtelematic.com'),('4JERRY78901234567','debconf','1.5.56','demo@advancedtelematic.com'),('4JERRY78901234567','e2fslibs','1.42.12-1.1','demo@advancedtelematic.com'),('4JERRY78901234567','laptop-detect','0.13.7','demo@advancedtelematic.com'),('4JERRY78901234567','less','458-3','demo@advancedtelematic.com'),('4JERRY78901234567','libacl1','2.2.52-2','demo@advancedtelematic.com'),('4JERRY78901234567','libalgorithm-c3-perl','0.09-1','demo@advancedtelematic.com'),('4JERRY78901234567','libats','1.0.0-r0','demo@advancedtelematic.com'),('4JERRY78901234567','libaudit-common','1:2.4-1','demo@advancedtelematic.com'),('4JERRY78901234567','libaudit1','1:2.4-1+b1','demo@advancedtelematic.com'),('4JERRY78901234567','libauthen-sasl-perl','2.1600-1','demo@advancedtelematic.com'),('B3NS0FFL1N3D3V1C3','acl','2.2.52-2','demo@advancedtelematic.com'),('B3NS0FFL1N3D3V1C3','acpi','1.7-1','demo@advancedtelematic.com'),('B3NS0FFL1N3D3V1C3','acpi-support-base','0.142-6','demo@advancedtelematic.com'),('B3NS0FFL1N3D3V1C3','acpid','1:2.0.23-2','demo@advancedtelematic.com'),('B3NS0FFL1N3D3V1C3','adduser','3.113+nmu3','demo@advancedtelematic.com'),('B3NS0FFL1N3D3V1C3','apt','1.0.9.8.1','demo@advancedtelematic.com'),('B3NS0FFL1N3D3V1C3','apt-listchanges','2.85.13+nmu1','demo@advancedtelematic.com'),('B3NS0FFL1N3D3V1C3','apt-transport-https','1.0.9.8.1','demo@advancedtelematic.com'),('B3NS0FFL1N3D3V1C3','apt-utils','1.0.9.8.1','demo@advancedtelematic.com'),('B3NS0FFL1N3D3V1C3','aptitude','0.6.11-1+b1','demo@advancedtelematic.com'),('B3NS0FFL1N3D3V1C3','aptitude-common','0.6.11-1','demo@advancedtelematic.com'),('B3NS0FFL1N3D3V1C3','aptitude-doc-en','0.6.11-1','demo@advancedtelematic.com'),('B3NS0FFL1N3D3V1C3','at','3.1.16-1','demo@advancedtelematic.com'),('B3NS0FFL1N3D3V1C3','aufs-tools','1:3.2+20130722-1.1','demo@advancedtelematic.com'),('B3NS0FFL1N3D3V1C3','base-files','8+deb8u2','demo@advancedtelematic.com'),('B3NS0FFL1N3D3V1C3','base-passwd','3.5.37','demo@advancedtelematic.com'),('B3NS0FFL1N3D3V1C3','bash','4.3-11+b1','demo@advancedtelematic.com'),('B3NS0FFL1N3D3V1C3','bash-completion','1:2.1-4','demo@advancedtelematic.com'),('B3NS0FFL1N3D3V1C3','bc','1.06.95-9','demo@advancedtelematic.com'),('B3NS0FFL1N3D3V1C3','ca-certificates','20141019','demo@advancedtelematic.com'),('B3NS0FFL1N3D3V1C3','cgroupfs-mount','1.1','demo@advancedtelematic.com'),('B3NS0FFL1N3D3V1C3','console-setup','1.123','demo@advancedtelematic.com'),('B3NS0FFL1N3D3V1C3','console-setup-linux','1.123','demo@advancedtelematic.com'),('B3NS0FFL1N3D3V1C3','coreutils','8.23-4','demo@advancedtelematic.com'),('B3NS0FFL1N3D3V1C3','curl','7.38.0-4+deb8u2','demo@advancedtelematic.com'),('B3NS0FFL1N3D3V1C3','dash','0.5.7-4+b1','demo@advancedtelematic.com'),('B3NS0FFL1N3D3V1C3','dbus','1.8.20-0+deb8u1','demo@advancedtelematic.com'),('B3NS0FFL1N3D3V1C3','dc','1.06.95-9','demo@advancedtelematic.com'),('B3NS0FFL1N3D3V1C3','debconf','1.5.56','demo@advancedtelematic.com'),('B3NS0FFL1N3D3V1C3','e2fslibs','1.42.12-1.1','demo@advancedtelematic.com'),('B3NS0FFL1N3D3V1C3','laptop-detect','0.13.7','demo@advancedtelematic.com'),('B3NS0FFL1N3D3V1C3','less','458-3','demo@advancedtelematic.com'),('B3NS0FFL1N3D3V1C3','libacl1','2.2.52-2','demo@advancedtelematic.com'),('B3NS0FFL1N3D3V1C3','libalgorithm-c3-perl','0.09-1','demo@advancedtelematic.com'),('B3NS0FFL1N3D3V1C3','libaudit-common','1:2.4-1','demo@advancedtelematic.com'),('B3NS0FFL1N3D3V1C3','libaudit1','1:2.4-1+b1','demo@advancedtelematic.com'),('B3NS0FFL1N3D3V1C3','libauthen-sasl-perl','2.1600-1','demo@advancedtelematic.com'),('BENSTEST901234567','acl','2.2.52-2','demo@advancedtelematic.com'),('BENSTEST901234567','acpi','1.7-1','demo@advancedtelematic.com'),('BENSTEST901234567','acpi-support-base','0.142-6','demo@advancedtelematic.com'),('BENSTEST901234567','acpid','1:2.0.23-2','demo@advancedtelematic.com'),('BENSTEST901234567','adduser','3.113+nmu3','demo@advancedtelematic.com'),('BENSTEST901234567','apt','1.0.9.8.1','demo@advancedtelematic.com'),('BENSTEST901234567','apt-listchanges','2.85.13+nmu1','demo@advancedtelematic.com'),('BENSTEST901234567','apt-transport-https','1.0.9.8.1','demo@advancedtelematic.com'),('BENSTEST901234567','apt-utils','1.0.9.8.1','demo@advancedtelematic.com'),('BENSTEST901234567','aptitude','0.6.11-1+b1','demo@advancedtelematic.com'),('BENSTEST901234567','aptitude-common','0.6.11-1','demo@advancedtelematic.com'),('BENSTEST901234567','aptitude-doc-en','0.6.11-1','demo@advancedtelematic.com'),('BENSTEST901234567','at','3.1.16-1','demo@advancedtelematic.com'),('BENSTEST901234567','aufs-tools','1:3.2+20130722-1.1','demo@advancedtelematic.com'),('BENSTEST901234567','base-files','8+deb8u2','demo@advancedtelematic.com'),('BENSTEST901234567','base-passwd','3.5.37','demo@advancedtelematic.com'),('BENSTEST901234567','bash','4.3-11+b1','demo@advancedtelematic.com'),('BENSTEST901234567','bash-completion','1:2.1-4','demo@advancedtelematic.com'),('BENSTEST901234567','bc','1.06.95-9','demo@advancedtelematic.com'),('BENSTEST901234567','ca-certificates','20141019','demo@advancedtelematic.com'),('BENSTEST901234567','cgroupfs-mount','1.1','demo@advancedtelematic.com'),('BENSTEST901234567','console-setup','1.123','demo@advancedtelematic.com'),('BENSTEST901234567','console-setup-linux','1.123','demo@advancedtelematic.com'),('BENSTEST901234567','coreutils','8.23-4','demo@advancedtelematic.com'),('BENSTEST901234567','curl','7.38.0-4+deb8u2','demo@advancedtelematic.com'),('BENSTEST901234567','dash','0.5.7-4+b1','demo@advancedtelematic.com'),('BENSTEST901234567','dbus','1.8.20-0+deb8u1','demo@advancedtelematic.com'),('BENSTEST901234567','dc','1.06.95-9','demo@advancedtelematic.com'),('BENSTEST901234567','debconf','1.5.56','demo@advancedtelematic.com'),('BENSTEST901234567','e2fslibs','1.42.12-1.1','demo@advancedtelematic.com'),('BENSTEST901234567','laptop-detect','0.13.7','demo@advancedtelematic.com'),('BENSTEST901234567','less','458-3','demo@advancedtelematic.com'),('BENSTEST901234567','libacl1','2.2.52-2','demo@advancedtelematic.com'),('BENSTEST901234567','libalgorithm-c3-perl','0.09-1','demo@advancedtelematic.com'),('BENSTEST901234567','libaudit-common','1:2.4-1','demo@advancedtelematic.com'),('BENSTEST901234567','libaudit1','1:2.4-1+b1','demo@advancedtelematic.com'),('BENSTEST901234567','libauthen-sasl-perl','2.1600-1','demo@advancedtelematic.com'),('CHU1000000000000B','acl','2.2.52-2','demo@advancedtelematic.com'),('CHU1000000000000B','acpi','1.7-1','demo@advancedtelematic.com'),('CHU1000000000000B','acpi-support-base','0.142-6','demo@advancedtelematic.com'),('CHU1000000000000B','acpid','1:2.0.23-2','demo@advancedtelematic.com'),('CHU1000000000000B','adduser','3.113+nmu3','demo@advancedtelematic.com'),('CHU1000000000000B','apt','1.0.9.8.1','demo@advancedtelematic.com'),('CHU1000000000000B','apt-listchanges','2.85.13+nmu1','demo@advancedtelematic.com'),('CHU1000000000000B','apt-transport-https','1.0.9.8.1','demo@advancedtelematic.com'),('CHU1000000000000B','apt-utils','1.0.9.8.1','demo@advancedtelematic.com'),('CHU1000000000000B','aptitude','0.6.11-1+b1','demo@advancedtelematic.com'),('CHU1000000000000B','aptitude-common','0.6.11-1','demo@advancedtelematic.com'),('CHU1000000000000B','aptitude-doc-en','0.6.11-1','demo@advancedtelematic.com'),('CHU1000000000000B','at','3.1.16-1','demo@advancedtelematic.com'),('CHU1000000000000B','aufs-tools','1:3.2+20130722-1.1','demo@advancedtelematic.com'),('CHU1000000000000B','base-files','8+deb8u2','demo@advancedtelematic.com'),('CHU1000000000000B','base-passwd','3.5.37','demo@advancedtelematic.com'),('CHU1000000000000B','bash','4.3-11+b1','demo@advancedtelematic.com'),('CHU1000000000000B','bash-completion','1:2.1-4','demo@advancedtelematic.com'),('CHU1000000000000B','bc','1.06.95-9','demo@advancedtelematic.com'),('CHU1000000000000B','ca-certificates','20141019','demo@advancedtelematic.com'),('CHU1000000000000B','cgroupfs-mount','1.1','demo@advancedtelematic.com'),('CHU1000000000000B','console-setup','1.123','demo@advancedtelematic.com'),('CHU1000000000000B','console-setup-linux','1.123','demo@advancedtelematic.com'),('CHU1000000000000B','coreutils','8.23-4','demo@advancedtelematic.com'),('CHU1000000000000B','curl','7.38.0-4+deb8u2','demo@advancedtelematic.com'),('CHU1000000000000B','dash','0.5.7-4+b1','demo@advancedtelematic.com'),('CHU1000000000000B','dbus','1.8.20-0+deb8u1','demo@advancedtelematic.com'),('CHU1000000000000B','dc','1.06.95-9','demo@advancedtelematic.com'),('CHU1000000000000B','debconf','1.5.56','demo@advancedtelematic.com'),('CHU1000000000000B','e2fslibs','1.42.12-1.1','demo@advancedtelematic.com'),('CHU1000000000000B','laptop-detect','0.13.7','demo@advancedtelematic.com'),('CHU1000000000000B','less','458-3','demo@advancedtelematic.com'),('CHU1000000000000B','libacl1','2.2.52-2','demo@advancedtelematic.com'),('CHU1000000000000B','libalgorithm-c3-perl','0.09-1','demo@advancedtelematic.com'),('CHU1000000000000B','libaudit-common','1:2.4-1','demo@advancedtelematic.com'),('CHU1000000000000B','libaudit1','1:2.4-1+b1','demo@advancedtelematic.com'),('CHU1000000000000B','libauthen-sasl-perl','2.1600-1','demo@advancedtelematic.com'),('CHU80000000000000','acl','2.2.52-2','demo@advancedtelematic.com'),('CHU80000000000000','acpi','1.7-1','demo@advancedtelematic.com'),('CHU80000000000000','acpi-support-base','0.142-6','demo@advancedtelematic.com'),('CHU80000000000000','acpid','1:2.0.23-2','demo@advancedtelematic.com'),('CHU80000000000000','adduser','3.113+nmu3','demo@advancedtelematic.com'),('CHU80000000000000','apt','1.0.9.8.1','demo@advancedtelematic.com'),('CHU80000000000000','apt-listchanges','2.85.13+nmu1','demo@advancedtelematic.com'),('CHU80000000000000','apt-utils','1.0.9.8.1','demo@advancedtelematic.com'),('CHU80000000000000','aptitude','0.6.11-1+b1','demo@advancedtelematic.com'),('CHU80000000000000','aptitude-common','0.6.11-1','demo@advancedtelematic.com'),('CHU80000000000000','aptitude-doc-en','0.6.11-1','demo@advancedtelematic.com'),('CHU80000000000000','at','3.1.16-1','demo@advancedtelematic.com'),('CHU80000000000000','base-files','8+deb8u2','demo@advancedtelematic.com'),('CHU80000000000000','base-passwd','3.5.37','demo@advancedtelematic.com'),('CHU80000000000000','bash','4.3-11+b1','demo@advancedtelematic.com'),('CHU80000000000000','bash-completion','1:2.1-4','demo@advancedtelematic.com'),('CHU80000000000000','bc','1.06.95-9','demo@advancedtelematic.com'),('CHU80000000000000','ca-certificates','20141019','demo@advancedtelematic.com'),('CHU80000000000000','console-setup','1.123','demo@advancedtelematic.com'),('CHU80000000000000','console-setup-linux','1.123','demo@advancedtelematic.com'),('CHU80000000000000','coreutils','8.23-4','demo@advancedtelematic.com'),('CHU80000000000000','curl','7.38.0-4+deb8u2','demo@advancedtelematic.com'),('CHU80000000000000','dash','0.5.7-4+b1','demo@advancedtelematic.com'),('CHU80000000000000','dbus','1.8.20-0+deb8u1','demo@advancedtelematic.com'),('CHU80000000000000','dc','1.06.95-9','demo@advancedtelematic.com'),('CHU80000000000000','debconf','1.5.56','demo@advancedtelematic.com'),('CHU80000000000000','e2fslibs','1.42.12-1.1','demo@advancedtelematic.com'),('CHU80000000000000','laptop-detect','0.13.7','demo@advancedtelematic.com'),('CHU80000000000000','less','458-3','demo@advancedtelematic.com'),('CHU80000000000000','libacl1','2.2.52-2','demo@advancedtelematic.com'),('CHU80000000000000','libalgorithm-c3-perl','0.09-1','demo@advancedtelematic.com'),('CHU80000000000000','libats','2.0.0-r1','demo@advancedtelematic.com'),('CHU80000000000000','libaudit-common','1:2.4-1','demo@advancedtelematic.com'),('CHU80000000000000','libaudit1','1:2.4-1+b1','demo@advancedtelematic.com'),('CHU80000000000000','libauthen-sasl-perl','2.1600-1','demo@advancedtelematic.com'),('STRESS0TZBMCG6VN6','acl','2.2.52-2','demo@advancedtelematic.com'),('STRESS0TZBMCG6VN6','adduser','3.113+nmu3','demo@advancedtelematic.com'),('STRESS0TZBMCG6VN6','at','3.1.16-1','demo@advancedtelematic.com'),('STRESS0TZBMCG6VN6','base-passwd','3.5.37','demo@advancedtelematic.com'),('STRESS0TZBMCG6VN6','bash','4.3-11+b1','demo@advancedtelematic.com'),('STRESS0TZBMCG6VN6','coreutils','8.23-4','demo@advancedtelematic.com'),('STRESS0TZBMCG6VN6','dash','0.5.7-4+b1','demo@advancedtelematic.com'),('STRESS0TZBMCG6VN6','debconf','1.5.56','demo@advancedtelematic.com'),('STRESS0TZBMCG6VN6','e2fslibs','1.42.12-1.1','demo@advancedtelematic.com'),('STRESS0TZBMCG6VN6','libacl1','2.2.52-2','demo@advancedtelematic.com'),('STRESS0TZBMCG6VN6','libaudit-common','1:2.4-1','demo@advancedtelematic.com'),('STRESS0TZBMCG6VN6','libaudit1','1:2.4-1+b1','demo@advancedtelematic.com'),('STRESS0TZBMCG6VN6','libauthen-sasl-perl','2.1600-1','demo@advancedtelematic.com'),('STRESS1TGXUJ34WGZ','acl','2.2.52-2','demo@advancedtelematic.com'),('STRESS1TGXUJ34WGZ','adduser','3.113+nmu3','demo@advancedtelematic.com'),('STRESS1TGXUJ34WGZ','at','3.1.16-1','demo@advancedtelematic.com'),('STRESS1TGXUJ34WGZ','base-passwd','3.5.37','demo@advancedtelematic.com'),('STRESS1TGXUJ34WGZ','bash','4.3-11+b1','demo@advancedtelematic.com'),('STRESS1TGXUJ34WGZ','coreutils','8.23-4','demo@advancedtelematic.com'),('STRESS1TGXUJ34WGZ','dash','0.5.7-4+b1','demo@advancedtelematic.com'),('STRESS1TGXUJ34WGZ','debconf','1.5.56','demo@advancedtelematic.com'),('STRESS1TGXUJ34WGZ','e2fslibs','1.42.12-1.1','demo@advancedtelematic.com'),('STRESS1TGXUJ34WGZ','libacl1','2.2.52-2','demo@advancedtelematic.com'),('STRESS1TGXUJ34WGZ','libaudit-common','1:2.4-1','demo@advancedtelematic.com'),('STRESS1TGXUJ34WGZ','libaudit1','1:2.4-1+b1','demo@advancedtelematic.com'),('STRESS1TGXUJ34WGZ','libauthen-sasl-perl','2.1600-1','demo@advancedtelematic.com'),('STRESS964166KMN18','acl','2.2.52-2','demo@advancedtelematic.com'),('STRESS964166KMN18','adduser','3.113+nmu3','demo@advancedtelematic.com'),('STRESS964166KMN18','at','3.1.16-1','demo@advancedtelematic.com'),('STRESS964166KMN18','base-passwd','3.5.37','demo@advancedtelematic.com'),('STRESS964166KMN18','bash','4.3-11+b1','demo@advancedtelematic.com'),('STRESS964166KMN18','coreutils','8.23-4','demo@advancedtelematic.com'),('STRESS964166KMN18','dash','0.5.7-4+b1','demo@advancedtelematic.com'),('STRESS964166KMN18','debconf','1.5.56','demo@advancedtelematic.com'),('STRESS964166KMN18','e2fslibs','1.42.12-1.1','demo@advancedtelematic.com'),('STRESS964166KMN18','libacl1','2.2.52-2','demo@advancedtelematic.com'),('STRESS964166KMN18','libaudit-common','1:2.4-1','demo@advancedtelematic.com'),('STRESS964166KMN18','libaudit1','1:2.4-1+b1','demo@advancedtelematic.com'),('STRESS964166KMN18','libauthen-sasl-perl','2.1600-1','demo@advancedtelematic.com'),('STRESSD7JN03KSBCK','acl','2.2.52-2','demo@advancedtelematic.com'),('STRESSD7JN03KSBCK','adduser','3.113+nmu3','demo@advancedtelematic.com'),('STRESSD7JN03KSBCK','at','3.1.16-1','demo@advancedtelematic.com'),('STRESSD7JN03KSBCK','base-passwd','3.5.37','demo@advancedtelematic.com'),('STRESSD7JN03KSBCK','bash','4.3-11+b1','demo@advancedtelematic.com'),('STRESSD7JN03KSBCK','coreutils','8.23-4','demo@advancedtelematic.com'),('STRESSD7JN03KSBCK','dash','0.5.7-4+b1','demo@advancedtelematic.com'),('STRESSD7JN03KSBCK','debconf','1.5.56','demo@advancedtelematic.com'),('STRESSD7JN03KSBCK','e2fslibs','1.42.12-1.1','demo@advancedtelematic.com'),('STRESSD7JN03KSBCK','libacl1','2.2.52-2','demo@advancedtelematic.com'),('STRESSD7JN03KSBCK','libaudit-common','1:2.4-1','demo@advancedtelematic.com'),('STRESSD7JN03KSBCK','libaudit1','1:2.4-1+b1','demo@advancedtelematic.com'),('STRESSD7JN03KSBCK','libauthen-sasl-perl','2.1600-1','demo@advancedtelematic.com'),('STRESSE39DZUXEC97','acl','2.2.52-2','demo@advancedtelematic.com'),('STRESSE39DZUXEC97','adduser','3.113+nmu3','demo@advancedtelematic.com'),('STRESSE39DZUXEC97','at','3.1.16-1','demo@advancedtelematic.com'),('STRESSE39DZUXEC97','base-passwd','3.5.37','demo@advancedtelematic.com'),('STRESSE39DZUXEC97','bash','4.3-11+b1','demo@advancedtelematic.com'),('STRESSE39DZUXEC97','coreutils','8.23-4','demo@advancedtelematic.com'),('STRESSE39DZUXEC97','dash','0.5.7-4+b1','demo@advancedtelematic.com'),('STRESSE39DZUXEC97','debconf','1.5.56','demo@advancedtelematic.com'),('STRESSE39DZUXEC97','e2fslibs','1.42.12-1.1','demo@advancedtelematic.com'),('STRESSE39DZUXEC97','libacl1','2.2.52-2','demo@advancedtelematic.com'),('STRESSE39DZUXEC97','libaudit-common','1:2.4-1','demo@advancedtelematic.com'),('STRESSE39DZUXEC97','libaudit1','1:2.4-1+b1','demo@advancedtelematic.com'),('STRESSE39DZUXEC97','libauthen-sasl-perl','2.1600-1','demo@advancedtelematic.com'),('STRESSJ8TPS3CG6HU','acl','2.2.52-2','demo@advancedtelematic.com'),('STRESSJ8TPS3CG6HU','adduser','3.113+nmu3','demo@advancedtelematic.com'),('STRESSJ8TPS3CG6HU','at','3.1.16-1','demo@advancedtelematic.com'),('STRESSJ8TPS3CG6HU','base-passwd','3.5.37','demo@advancedtelematic.com'),('STRESSJ8TPS3CG6HU','bash','4.3-11+b1','demo@advancedtelematic.com'),('STRESSJ8TPS3CG6HU','coreutils','8.23-4','demo@advancedtelematic.com'),('STRESSJ8TPS3CG6HU','dash','0.5.7-4+b1','demo@advancedtelematic.com'),('STRESSJ8TPS3CG6HU','debconf','1.5.56','demo@advancedtelematic.com'),('STRESSJ8TPS3CG6HU','e2fslibs','1.42.12-1.1','demo@advancedtelematic.com'),('STRESSJ8TPS3CG6HU','libacl1','2.2.52-2','demo@advancedtelematic.com'),('STRESSJ8TPS3CG6HU','libaudit-common','1:2.4-1','demo@advancedtelematic.com'),('STRESSJ8TPS3CG6HU','libaudit1','1:2.4-1+b1','demo@advancedtelematic.com'),('STRESSJ8TPS3CG6HU','libauthen-sasl-perl','2.1600-1','demo@advancedtelematic.com'),('STRESSJ9SFWDA0FCA','client-util','1.3.10','demo@advancedtelematic.com'),('STRESSJ9SFWDA0FCA','libats','2.0.0','demo@advancedtelematic.com'),('STRESSJMUW821V09U','client-util','1.3.10','demo@advancedtelematic.com'),('STRESSJMUW821V09U','libats','2.0.0','demo@advancedtelematic.com'),('STRESSKU3DSELTZ5G','client-util','1.3.10','demo@advancedtelematic.com'),('STRESSXZV26KXX8FU','client-util','1.3.10','demo@advancedtelematic.com'),('STRESSZR4NZ7XB3BW','acl','2.2.52-2','demo@advancedtelematic.com'),('STRESSZR4NZ7XB3BW','adduser','3.113+nmu3','demo@advancedtelematic.com'),('STRESSZR4NZ7XB3BW','at','3.1.16-1','demo@advancedtelematic.com'),('STRESSZR4NZ7XB3BW','base-passwd','3.5.37','demo@advancedtelematic.com'),('STRESSZR4NZ7XB3BW','bash','4.3-11+b1','demo@advancedtelematic.com'),('STRESSZR4NZ7XB3BW','coreutils','8.23-4','demo@advancedtelematic.com'),('STRESSZR4NZ7XB3BW','dash','0.5.7-4+b1','demo@advancedtelematic.com'),('STRESSZR4NZ7XB3BW','debconf','1.5.56','demo@advancedtelematic.com'),('STRESSZR4NZ7XB3BW','e2fslibs','1.42.12-1.1','demo@advancedtelematic.com'),('STRESSZR4NZ7XB3BW','libacl1','2.2.52-2','demo@advancedtelematic.com'),('STRESSZR4NZ7XB3BW','libaudit-common','1:2.4-1','demo@advancedtelematic.com'),('STRESSZR4NZ7XB3BW','libaudit1','1:2.4-1+b1','demo@advancedtelematic.com'),('STRESSZR4NZ7XB3BW','libauthen-sasl-perl','2.1600-1','demo@advancedtelematic.com'),('ZZZ34567890193356','libauthen-sasl-perl','2.1600-1','demo@advancedtelematic.com');
/*!40000 ALTER TABLE `InstalledPackage` ENABLE KEYS */;
UNLOCK TABLES;

--
-- Table structure for table `Package`
--

DROP TABLE IF EXISTS `Package`;
/*!40101 SET @saved_cs_client     = @@character_set_client */;
/*!40101 SET character_set_client = utf8 */;
CREATE TABLE `Package` (
  `name` varchar(200) NOT NULL,
  `version` varchar(200) NOT NULL,
  `description` text,
  `vendor` text,
  `last_modified` bigint(20) DEFAULT NULL,
  `namespace` char(200) NOT NULL,
  PRIMARY KEY (`namespace`,`name`,`version`)
) ENGINE=InnoDB DEFAULT CHARSET=latin1;
/*!40101 SET character_set_client = @saved_cs_client */;

--
-- Dumping data for table `Package`
--

LOCK TABLES `Package` WRITE;
/*!40000 ALTER TABLE `Package` DISABLE KEYS */;
INSERT INTO `Package` VALUES ('0aa','1.1.1','Tom','Tom Van der Mussele',NULL,'demo@advancedtelematic.com'),('0ba','1.1.1','Tom','Tom Van der Mussele',NULL,'demo@advancedtelematic.com'),('15leeb','1.3.25.jr-st','','',NULL,'demo@advancedtelematic.com'),('1aa','1.1.1','Tom','Tom Van der Mussele',NULL,'demo@advancedtelematic.com'),('1alggt','0.0.0','','',NULL,'demo@advancedtelematic.com'),('1ba','1.1.1','Tom','Tom Van der Mussele',NULL,'demo@advancedtelematic.com'),('2aa','1.1.1','Tom','Tom Van der Mussele',NULL,'demo@advancedtelematic.com'),('2ba','1.1.1','Tom','Tom Van der Mussele',NULL,'demo@advancedtelematic.com'),('3aa','1.1.1','Tom','Tom Van der Mussele',NULL,'demo@advancedtelematic.com'),('3ba','1.1.1','Tom','Tom Van der Mussele',NULL,'demo@advancedtelematic.com'),('4aa','1.1.1','Tom','Tom Van der Mussele',NULL,'demo@advancedtelematic.com'),('4ba','1.1.1','Tom','Tom Van der Mussele',NULL,'demo@advancedtelematic.com'),('5aa','1.1.1','Tom','Tom Van der Mussele',NULL,'demo@advancedtelematic.com'),('5ba','1.1.1','Tom','Tom Van der Mussele',NULL,'demo@advancedtelematic.com'),('6aa','1.1.1','Tom','Tom Van der Mussele',NULL,'demo@advancedtelematic.com'),('6ba','1.1.1','Tom','Tom Van der Mussele',NULL,'demo@advancedtelematic.com'),('7aa','1.1.1','Tom','Tom Van der Mussele',NULL,'demo@advancedtelematic.com'),('7ba','1.1.1','Tom','Tom Van der Mussele',NULL,'demo@advancedtelematic.com'),('8aa','1.1.1','Tom','Tom Van der Mussele',NULL,'demo@advancedtelematic.com'),('8ba','1.1.1','Tom','Tom Van der Mussele',NULL,'demo@advancedtelematic.com'),('9aa','1.1.1','Tom','Tom Van der Mussele',NULL,'demo@advancedtelematic.com'),('9ba','1.1.1','Tom','Tom Van der Mussele',NULL,'demo@advancedtelematic.com'),('aaa','1.1.1','Tom','Tom Van der Mussele',NULL,'demo@advancedtelematic.com'),('aba','1.1.1','Tom','Tom Van der Mussele',NULL,'demo@advancedtelematic.com'),('ABC','1.1.1','12345<script>alert(1)</script>','12345<script>alert(1)</script>',NULL,'demo@advancedtelematic.com'),('aca','1.1.1','Tom','Tom Van der Mussele',NULL,'demo@advancedtelematic.com'),('acl','2.2.52-2','','',NULL,'demo@advancedtelematic.com'),('acpi','1.7-1','','',NULL,'demo@advancedtelematic.com'),('acpi-support-base','0.142-6','','',NULL,'demo@advancedtelematic.com'),('acpid','1:2.0.23-2','','',NULL,'demo@advancedtelematic.com'),('adduser','3.113+nmu3','','',NULL,'demo@advancedtelematic.com'),('apt','1.0.9.8.1','','',NULL,'demo@advancedtelematic.com'),('apt-listchanges','2.85.13+nmu1','','',NULL,'demo@advancedtelematic.com'),('apt-transport-https','1.0.9.8.1','','',NULL,'demo@advancedtelematic.com'),('apt-utils','1.0.9.8.1','','',NULL,'demo@advancedtelematic.com'),('aptitude','0.6.11-1+b1','','',NULL,'demo@advancedtelematic.com'),('aptitude-common','0.6.11-1','','',NULL,'demo@advancedtelematic.com'),('aptitude-doc-en','0.6.11-1','','',NULL,'demo@advancedtelematic.com'),('at','3.1.16-1','','',NULL,'demo@advancedtelematic.com'),('aufs-tools','1:3.2+20130722-1.1','','',NULL,'demo@advancedtelematic.com'),('baa','1.1.1','Tom','Tom Van der Mussele',NULL,'demo@advancedtelematic.com'),('base-files','8+deb8u2','','',NULL,'demo@advancedtelematic.com'),('base-passwd','3.5.37','','',NULL,'demo@advancedtelematic.com'),('base-passwd','9999.9999.999','','',NULL,'demo@advancedtelematic.com'),('base-password','9999991.1.1','12345<script>alert(1)</script>','12345<script>alert(1)</script>',NULL,'demo@advancedtelematic.com'),('bash','4.3-11+b1','','',NULL,'demo@advancedtelematic.com'),('bash-completion','1:2.1-4','','',NULL,'demo@advancedtelematic.com'),('bba','1.1.1','Tom','Tom Van der Mussele',NULL,'demo@advancedtelematic.com'),('bc','1.06.95-9','','',NULL,'demo@advancedtelematic.com'),('bca','1.1.1','Tom','Tom Van der Mussele',NULL,'demo@advancedtelematic.com'),('ca-certificates','20141019','','',NULL,'demo@advancedtelematic.com'),('caa','1.1.1','Tom','Tom Van der Mussele',NULL,'demo@advancedtelematic.com'),('cba','1.1.1','Tom','Tom Van der Mussele',NULL,'demo@advancedtelematic.com'),('cca','1.1.1','Tom','Tom Van der Mussele',NULL,'demo@advancedtelematic.com'),('cgroupfs-mount','1.1','','',NULL,'demo@advancedtelematic.com'),('client-util','1.3.10',NULL,NULL,NULL,'demo@advancedtelematic.com'),('client-util','1.3.9',NULL,NULL,NULL,'demo@advancedtelematic.com'),('console-setup','1.123','','',NULL,'demo@advancedtelematic.com'),('console-setup-linux','1.123','','',NULL,'demo@advancedtelematic.com'),('coreutils','8.23-4','','',NULL,'demo@advancedtelematic.com'),('curl','7.38.0-4+deb8u2','','',NULL,'demo@advancedtelematic.com'),('daa','1.1.1','Tom','Tom Van der Mussele',NULL,'demo@advancedtelematic.com'),('dash','0.5.7-4+b1','','',NULL,'demo@advancedtelematic.com'),('dba','1.1.1','Tom','Tom Van der Mussele',NULL,'demo@advancedtelematic.com'),('dbus','1.8.20-0+deb8u1','','',NULL,'demo@advancedtelematic.com'),('dc','1.06.95-9','','',NULL,'demo@advancedtelematic.com'),('dca','1.1.1','Tom','Tom Van der Mussele',NULL,'demo@advancedtelematic.com'),('debconf','1.5.56','','',NULL,'demo@advancedtelematic.com'),('DIFFERENDEVICE','9.8.7','Improvements towards; <script>alert(1)</script>','Tom Van der Mussele\"><xmp>',NULL,'demo@advancedtelematic.com'),('e2fslibs','1.42.12-1.1','','',NULL,'demo@advancedtelematic.com'),('eaa','1.1.1','Tom','Tom Van der Mussele',NULL,'demo@advancedtelematic.com'),('eba','1.1.1','Tom','Tom Van der Mussele',NULL,'demo@advancedtelematic.com'),('eca','1.1.1','Tom','Tom Van der Mussele',NULL,'demo@advancedtelematic.com'),('exe','1.1.1.',NULL,NULL,NULL,'demo@advancedtelematic.com'),('faa','1.1.1','Tom','Tom Van der Mussele',NULL,'demo@advancedtelematic.com'),('fba','1.1.1','Tom','Tom Van der Mussele',NULL,'demo@advancedtelematic.com'),('fca','1.1.1','Tom','Tom Van der Mussele',NULL,'demo@advancedtelematic.com'),('gaa','1.1.1','Tom','Tom Van der Mussele',NULL,'demo@advancedtelematic.com'),('gba','1.1.1','Tom','Tom Van der Mussele',NULL,'demo@advancedtelematic.com'),('glibc-binary-localedata-en-gb','2.22','','',NULL,'demo@advancedtelematic.com'),('glibc-binary-localedata-en-us','2.22','','',NULL,'demo@advancedtelematic.com'),('haa','1.1.1','Tom','Tom Van der Mussele',NULL,'demo@advancedtelematic.com'),('hba','1.1.1','Tom','Tom Van der Mussele',NULL,'demo@advancedtelematic.com'),('hicolor-icon-theme','0.15','','',NULL,'demo@advancedtelematic.com'),('iaa','1.1.1','Tom','Tom Van der Mussele',NULL,'demo@advancedtelematic.com'),('iba','1.1.1','Tom','Tom Van der Mussele',NULL,'demo@advancedtelematic.com'),('jaa','1.1.1','Tom','Tom Van der Mussele',NULL,'demo@advancedtelematic.com'),('jba','1.1.1','Tom','Tom Van der Mussele',NULL,'demo@advancedtelematic.com'),('kaa','1.1.1','Tom','Tom Van der Mussele',NULL,'demo@advancedtelematic.com'),('kba','1.1.1','Tom','Tom Van der Mussele',NULL,'demo@advancedtelematic.com'),('kbd-consolefonts','2.0.2','','',NULL,'demo@advancedtelematic.com'),('laa','1.1.1','Tom','Tom Van der Mussele',NULL,'demo@advancedtelematic.com'),('laptop-detect','0.13.7','','',NULL,'demo@advancedtelematic.com'),('lba','1.1.1','Tom','Tom Van der Mussele',NULL,'demo@advancedtelematic.com'),('less','458-3','','',NULL,'demo@advancedtelematic.com'),('libacl1','2.2.52-2','','',NULL,'demo@advancedtelematic.com'),('libalgorithm-c3-perl','0.09-1','','',NULL,'demo@advancedtelematic.com'),('libasound-module-bluez','5.33','','',NULL,'demo@advancedtelematic.com'),('libats','1.0.0',NULL,NULL,NULL,'demo@advancedtelematic.com'),('libats','1.0.0-r0','','',NULL,'demo@advancedtelematic.com'),('libats','2.0.0',NULL,NULL,NULL,'demo@advancedtelematic.com'),('libats','2.0.0-r1','','',NULL,'demo@advancedtelematic.com'),('libaudit-common','1:2.4-1','','',NULL,'demo@advancedtelematic.com'),('libaudit1','1:2.4-1+b1','','',NULL,'demo@advancedtelematic.com'),('libauthen-sasl-perl','2.1600-1','','',NULL,'demo@advancedtelematic.com'),('linux-firmware-atheros-license','0.0+git0+75cc3ef8ba','','',NULL,'demo@advancedtelematic.com'),('linux-firmware-iwlwifi-6000g2b-5','0.0+git0+75cc3ef8ba','','',NULL,'demo@advancedtelematic.com'),('linux-firmware-iwlwifi-license','0.0+git0+75cc3ef8ba','','',NULL,'demo@advancedtelematic.com'),('linux-firmware-license','0.0+git0+75cc3ef8ba','','',NULL,'demo@advancedtelematic.com'),('linux-firmware-radeon-license','0.0+git0+75cc3ef8ba','','',NULL,'demo@advancedtelematic.com'),('linux-firmware-ralink-license','0.0+git0+75cc3ef8ba','','',NULL,'demo@advancedtelematic.com'),('maa','1.1.1','Tom','Tom Van der Mussele',NULL,'demo@advancedtelematic.com'),('matchbox-desktop-sato','0.1+git0+810b0b08eb','','',NULL,'demo@advancedtelematic.com'),('mba','1.1.1','Tom','Tom Van der Mussele',NULL,'demo@advancedtelematic.com'),('naa','1.1.1','Tom','Tom Van der Mussele',NULL,'demo@advancedtelematic.com'),('nba','1.1.1','Tom','Tom Van der Mussele',NULL,'demo@advancedtelematic.com'),('netbase','5.3','','',NULL,'demo@advancedtelematic.com'),('oaa','1.1.1','Tom','Tom Van der Mussele',NULL,'demo@advancedtelematic.com'),('oba','1.1.1','Tom','Tom Van der Mussele',NULL,'demo@advancedtelematic.com'),('os-release','1.0','','',NULL,'demo@advancedtelematic.com'),('ota-plus-client','0.1.157','OtaPlusClient','ATS',NULL,'demo@advancedtelematic.com'),('paa','1.1.1','Tom','Tom Van der Mussele',NULL,'demo@advancedtelematic.com'),('pba','1.1.1','Tom','Tom Van der Mussele',NULL,'demo@advancedtelematic.com'),('pointercal','0.0','','',NULL,'demo@advancedtelematic.com'),('qaa','1.1.1','Tom','Tom Van der Mussele',NULL,'demo@advancedtelematic.com'),('qba','1.1.1','Tom','Tom Van der Mussele',NULL,'demo@advancedtelematic.com'),('qtbase-fonts-pfa','5.5.1+git0+5afc431323','','',NULL,'demo@advancedtelematic.com'),('raa','1.1.1','Tom','Tom Van der Mussele',NULL,'demo@advancedtelematic.com'),('rba','1.1.1','Tom','Tom Van der Mussele',NULL,'demo@advancedtelematic.com'),('saa','1.1.1','Tom','Tom Van der Mussele',NULL,'demo@advancedtelematic.com'),('sba','1.1.1','Tom','Tom Van der Mussele',NULL,'demo@advancedtelematic.com'),('taa','1.1.1','Tom','Tom Van der Mussele',NULL,'demo@advancedtelematic.com'),('tba','1.1.1','Tom','Tom Van der Mussele',NULL,'demo@advancedtelematic.com'),('TMP','1.1.1','Tom','Tom Van der Mussele',NULL,'demo@advancedtelematic.com'),('TOM','1.1.1','Tom','Tom Van der Mussele',NULL,'demo@advancedtelematic.com'),('uaa','1.1.1','Tom','Tom Van der Mussele',NULL,'demo@advancedtelematic.com'),('uba','1.1.1','Tom','Tom Van der Mussele',NULL,'demo@advancedtelematic.com'),('vaa','1.1.1','Tom','Tom Van der Mussele',NULL,'demo@advancedtelematic.com'),('vba','1.1.1','Tom','Tom Van der Mussele',NULL,'demo@advancedtelematic.com'),('waa','1.1.1','Tom','Tom Van der Mussele',NULL,'demo@advancedtelematic.com'),('wba','1.1.1','Tom','Tom Van der Mussele',NULL,'demo@advancedtelematic.com'),('xaa','1.1.1','Tom','Tom Van der Mussele',NULL,'demo@advancedtelematic.com'),('xba','1.1.1','Tom','Tom Van der Mussele',NULL,'demo@advancedtelematic.com'),('XEE','1.1.1','Tom','Tom Van der Mussele',NULL,'demo@advancedtelematic.com'),('xkeyboard-config','2.15','','',NULL,'demo@advancedtelematic.com'),('yaa','1.1.1','Tom','Tom Van der Mussele',NULL,'demo@advancedtelematic.com'),('yba','1.1.1','Tom','Tom Van der Mussele',NULL,'demo@advancedtelematic.com'),('zaa','1.1.1','Tom','Tom Van der Mussele',NULL,'demo@advancedtelematic.com'),('zba','1.1.1','Tom','Tom Van der Mussele',NULL,'demo@advancedtelematic.com');
/*!40000 ALTER TABLE `Package` ENABLE KEYS */;
UNLOCK TABLES;

--
-- Table structure for table `PackageFilter`
--

DROP TABLE IF EXISTS `PackageFilter`;
/*!40101 SET @saved_cs_client     = @@character_set_client */;
/*!40101 SET character_set_client = utf8 */;
CREATE TABLE `PackageFilter` (
  `packageName` varchar(200) NOT NULL,
  `packageVersion` varchar(200) NOT NULL,
  `filterName` varchar(200) NOT NULL,
  `namespace` char(200) NOT NULL,
  PRIMARY KEY (`namespace`,`packageName`,`packageVersion`,`filterName`),
  KEY `filter_fk` (`namespace`,`filterName`),
  CONSTRAINT `filter_fk` FOREIGN KEY (`namespace`, `filterName`) REFERENCES `Filter` (`namespace`, `name`),
  CONSTRAINT `package_fk` FOREIGN KEY (`namespace`, `packageName`, `packageVersion`) REFERENCES `Package` (`namespace`, `name`, `version`)
) ENGINE=InnoDB DEFAULT CHARSET=latin1;
/*!40101 SET character_set_client = @saved_cs_client */;

--
-- Dumping data for table `PackageFilter`
--

LOCK TABLES `PackageFilter` WRITE;
/*!40000 ALTER TABLE `PackageFilter` DISABLE KEYS */;
/*!40000 ALTER TABLE `PackageFilter` ENABLE KEYS */;
UNLOCK TABLES;

--
-- Table structure for table `Vehicle`
--

DROP TABLE IF EXISTS `Vehicle`;
/*!40101 SET @saved_cs_client     = @@character_set_client */;
/*!40101 SET character_set_client = utf8 */;
CREATE TABLE `Vehicle` (
  `vin` varchar(64) NOT NULL,
  `namespace` char(200) NOT NULL,
  PRIMARY KEY (`namespace`,`vin`),
  UNIQUE KEY `unique_vin` (`vin`)
) ENGINE=InnoDB DEFAULT CHARSET=latin1;
/*!40101 SET character_set_client = @saved_cs_client */;

--
-- Dumping data for table `Vehicle`
--

LOCK TABLES `Vehicle` WRITE;
/*!40000 ALTER TABLE `Vehicle` DISABLE KEYS */;
INSERT INTO `Vehicle` VALUES ('11AAAA78901234510','demo@advancedtelematic.com'),('11BAAA78901234510','demo@advancedtelematic.com'),('11CAAA78901234510','demo@advancedtelematic.com'),('11DAAA78901234510','demo@advancedtelematic.com'),('11EAAA78901234510','demo@advancedtelematic.com'),('12345678901234BEN','demo@advancedtelematic.com'),('12AAAA78901234510','demo@advancedtelematic.com'),('12BAAA78901234510','demo@advancedtelematic.com'),('12CAAA78901234510','demo@advancedtelematic.com'),('12DAAA78901234510','demo@advancedtelematic.com'),('12EAAA78901234510','demo@advancedtelematic.com'),('13AAAA78901234510','demo@advancedtelematic.com'),('13BAAA78901234510','demo@advancedtelematic.com'),('13CAAA78901234510','demo@advancedtelematic.com'),('13DAAA78901234510','demo@advancedtelematic.com'),('13EAAA78901234510','demo@advancedtelematic.com'),('14AAAA78901234510','demo@advancedtelematic.com'),('14BAAA78901234510','demo@advancedtelematic.com'),('14CAAA78901234510','demo@advancedtelematic.com'),('14DAAA78901234510','demo@advancedtelematic.com'),('14EAAA78901234510','demo@advancedtelematic.com'),('15AAAA78901234510','demo@advancedtelematic.com'),('15BAAA78901234510','demo@advancedtelematic.com'),('15CAAA78901234510','demo@advancedtelematic.com'),('15DAAA78901234510','demo@advancedtelematic.com'),('15EAAA78901234510','demo@advancedtelematic.com'),('16AAAA78901234510','demo@advancedtelematic.com'),('16BAAA78901234510','demo@advancedtelematic.com'),('16CAAA78901234510','demo@advancedtelematic.com'),('16DAAA78901234510','demo@advancedtelematic.com'),('16EAAA78901234510','demo@advancedtelematic.com'),('17AAAA78901234510','demo@advancedtelematic.com'),('17BAAA78901234510','demo@advancedtelematic.com'),('17CAAA78901234510','demo@advancedtelematic.com'),('17DAAA78901234510','demo@advancedtelematic.com'),('18AAAA78901234510','demo@advancedtelematic.com'),('18BAAA78901234510','demo@advancedtelematic.com'),('18CAAA78901234510','demo@advancedtelematic.com'),('18DAAA78901234510','demo@advancedtelematic.com'),('19AAAA78901234510','demo@advancedtelematic.com'),('19BAAA78901234510','demo@advancedtelematic.com'),('19CAAA78901234510','demo@advancedtelematic.com'),('19DAAA78901234510','demo@advancedtelematic.com'),('1AAAAA78901234510','demo@advancedtelematic.com'),('1ABAAA78901234510','demo@advancedtelematic.com'),('1ACAAA78901234510','demo@advancedtelematic.com'),('1ADAAA78901234510','demo@advancedtelematic.com'),('1AEAAA78901234510','demo@advancedtelematic.com'),('1BAAAA78901234510','demo@advancedtelematic.com'),('1BBAAA78901234510','demo@advancedtelematic.com'),('1BCAAA78901234510','demo@advancedtelematic.com'),('1BDAAA78901234510','demo@advancedtelematic.com'),('1BEAAA78901234510','demo@advancedtelematic.com'),('1CAAAA78901234510','demo@advancedtelematic.com'),('1CBAAA78901234510','demo@advancedtelematic.com'),('1CCAAA78901234510','demo@advancedtelematic.com'),('1CDAAA78901234510','demo@advancedtelematic.com'),('1CEAAA78901234510','demo@advancedtelematic.com'),('1DAAAA78901234510','demo@advancedtelematic.com'),('1DBAAA78901234510','demo@advancedtelematic.com'),('1DCAAA78901234510','demo@advancedtelematic.com'),('1DDAAA78901234510','demo@advancedtelematic.com'),('1DEAAA78901234510','demo@advancedtelematic.com'),('1EAAAA78901234510','demo@advancedtelematic.com'),('1EBAAA78901234510','demo@advancedtelematic.com'),('1ECAAA78901234510','demo@advancedtelematic.com'),('1EDAAA78901234510','demo@advancedtelematic.com'),('1EEAAA78901234510','demo@advancedtelematic.com'),('1FAAAA78901234510','demo@advancedtelematic.com'),('1FBAAA78901234510','demo@advancedtelematic.com'),('1FCAAA78901234510','demo@advancedtelematic.com'),('1FDAAA78901234510','demo@advancedtelematic.com'),('1FEAAA78901234510','demo@advancedtelematic.com'),('1GAAAA78901234510','demo@advancedtelematic.com'),('1GBAAA78901234510','demo@advancedtelematic.com'),('1GCAAA78901234510','demo@advancedtelematic.com'),('1GDAAA78901234510','demo@advancedtelematic.com'),('1GEAAA78901234510','demo@advancedtelematic.com'),('1HAAAA78901234510','demo@advancedtelematic.com'),('1HBAAA78901234510','demo@advancedtelematic.com'),('1HCAAA78901234510','demo@advancedtelematic.com'),('1HDAAA78901234510','demo@advancedtelematic.com'),('1HEAAA78901234510','demo@advancedtelematic.com'),('1JERRY78901234510','demo@advancedtelematic.com'),('1JERRY78901234567','demo@advancedtelematic.com'),('1JETRY78901234567','demo@advancedtelematic.com'),('1KAAAA78901234510','demo@advancedtelematic.com'),('1KBAAA78901234510','demo@advancedtelematic.com'),('1KCAAA78901234510','demo@advancedtelematic.com'),('1KDAAA78901234510','demo@advancedtelematic.com'),('1KEAAA78901234510','demo@advancedtelematic.com'),('1LAAAA78901234510','demo@advancedtelematic.com'),('1LBAAA78901234510','demo@advancedtelematic.com'),('1LCAAA78901234510','demo@advancedtelematic.com'),('1LDAAA78901234510','demo@advancedtelematic.com'),('1LEAAA78901234510','demo@advancedtelematic.com'),('1NAAAA78901234510','demo@advancedtelematic.com'),('1NBAAA78901234510','demo@advancedtelematic.com'),('1NCAAA78901234510','demo@advancedtelematic.com'),('1NDAAA78901234510','demo@advancedtelematic.com'),('1NEAAA78901234510','demo@advancedtelematic.com'),('1PAAAA78901234510','demo@advancedtelematic.com'),('1PBAAA78901234510','demo@advancedtelematic.com'),('1PCAAA78901234510','demo@advancedtelematic.com'),('1PDAAA78901234510','demo@advancedtelematic.com'),('1PEAAA78901234510','demo@advancedtelematic.com'),('1RAAAA78901234510','demo@advancedtelematic.com'),('1RBAAA78901234510','demo@advancedtelematic.com'),('1RCAAA78901234510','demo@advancedtelematic.com'),('1REAAA78901234510','demo@advancedtelematic.com'),('1SAAAA78901234510','demo@advancedtelematic.com'),('1SBAAA78901234510','demo@advancedtelematic.com'),('1SCAAA78901234510','demo@advancedtelematic.com'),('1SEAAA78901234510','demo@advancedtelematic.com'),('1TAAAA78901234510','demo@advancedtelematic.com'),('1TBAAA78901234510','demo@advancedtelematic.com'),('1TCAAA78901234510','demo@advancedtelematic.com'),('1TDAAA78901234510','demo@advancedtelematic.com'),('1TEAAA78901234510','demo@advancedtelematic.com'),('1V1B000000000000B','demo@advancedtelematic.com'),('1V1C000000000000C','demo@advancedtelematic.com'),('1V1EMU00000000EMU','demo@advancedtelematic.com'),('1V1R000000000000R','demo@advancedtelematic.com'),('1V1W000000000000W','demo@advancedtelematic.com'),('1VN100000000000N1','demo@advancedtelematic.com'),('1VN200000000000N2','demo@advancedtelematic.com'),('1VN300000000000N3','demo@advancedtelematic.com'),('1VN400000000000N4','demo@advancedtelematic.com'),('1VN500000000000N5','demo@advancedtelematic.com'),('1VN600000000000N6','demo@advancedtelematic.com'),('1VWW000000000000W','demo@advancedtelematic.com'),('1XXXXA78901234510','demo@advancedtelematic.com'),('20SL5MWWHS9RF87RT','demo@advancedtelematic.com'),('2JERRY78901234567','demo@advancedtelematic.com'),('2KLEVMFUUKLXBR0R1','demo@advancedtelematic.com'),('3JERRY78901234567','demo@advancedtelematic.com'),('4JERRY78901234567','demo@advancedtelematic.com'),('7RPUC58M7CFF2NNLU','demo@advancedtelematic.com'),('87NTV1TVGP4SJETZY','demo@advancedtelematic.com'),('8FRZRVUPB6DKNKVRY','demo@advancedtelematic.com'),('9U68HE61Z9UFK1VX1','demo@advancedtelematic.com'),('APA12345679000000','demo@advancedtelematic.com'),('B3NS0FFL1N3D3V1C3','demo@advancedtelematic.com'),('BENSTEST901234567','demo@advancedtelematic.com'),('BPJ24RU2BFJTNFA3G','demo@advancedtelematic.com'),('CHU10000000000006','demo@advancedtelematic.com'),('CHU1000000000000B','demo@advancedtelematic.com'),('CHU50000000000005','demo@advancedtelematic.com'),('CHU60000000000001','demo@advancedtelematic.com'),('CHU70000000000000','demo@advancedtelematic.com'),('CHU80000000000000','demo@advancedtelematic.com'),('E2FSBG1EWFJ6PBWM1','demo@advancedtelematic.com'),('FSLJUVJBVL1Y4AP7R','demo@advancedtelematic.com'),('FU75CP1KCDFLD6XF9','demo@advancedtelematic.com'),('FWMNHJFBAMKNG3G5X','demo@advancedtelematic.com'),('LTU0TUG7J1UYC60F1','demo@advancedtelematic.com'),('MATTTT12345678903','demo@advancedtelematic.com'),('N5CU4F0FA5XX4JTK1','demo@advancedtelematic.com'),('RVSM0FRPGFWSR3SPF','demo@advancedtelematic.com'),('SM0WG52DJGVJK3RLF','demo@advancedtelematic.com'),('SMHFNR56R1YAWTP3C','demo@advancedtelematic.com'),('SML0B650GSLKWF0KA','demo@advancedtelematic.com'),('SMM20000000000000','demo@advancedtelematic.com'),('STRESS04Y6MHRL048','demo@advancedtelematic.com'),('STRESS070MZ90AH22','demo@advancedtelematic.com'),('STRESS09S7MVN74B3','demo@advancedtelematic.com'),('STRESS0A1PU4TYW82','demo@advancedtelematic.com'),('STRESS0AC3C504BD2','demo@advancedtelematic.com'),('STRESS0E5GX736E3S','demo@advancedtelematic.com'),('STRESS0L4AMYFBZ4R','demo@advancedtelematic.com'),('STRESS0RBT7SRS13N','demo@advancedtelematic.com'),('STRESS0TZBMCG6VN6','demo@advancedtelematic.com'),('STRESS0WKH3998RML','demo@advancedtelematic.com'),('STRESS0XWK6E8DBG1','demo@advancedtelematic.com'),('STRESS0ZMLZ4F8EGF','demo@advancedtelematic.com'),('STRESS12345678901','demo@advancedtelematic.com'),('STRESS140PPW1DHM9','demo@advancedtelematic.com'),('STRESS192DL9UDGDG','demo@advancedtelematic.com'),('STRESS1984GUP65JU','demo@advancedtelematic.com'),('STRESS1GRN9434G8W','demo@advancedtelematic.com'),('STRESS1H2BZ25APB2','demo@advancedtelematic.com'),('STRESS1JKU6PCFWBK','demo@advancedtelematic.com'),('STRESS1MJ4V6D25ZN','demo@advancedtelematic.com'),('STRESS1N4GXKSA5LB','demo@advancedtelematic.com'),('STRESS1TGXUJ34WGZ','demo@advancedtelematic.com'),('STRESS1TTTJZDX0UD','demo@advancedtelematic.com'),('STRESS1YAD04XDBM5','demo@advancedtelematic.com'),('STRESS1YH3BNCKUW4','demo@advancedtelematic.com'),('STRESS2C300K2NRX8','demo@advancedtelematic.com'),('STRESS2EY1GDBR8BM','demo@advancedtelematic.com'),('STRESS2KUY4F6MTA4','demo@advancedtelematic.com'),('STRESS2TAWDWW1NER','demo@advancedtelematic.com'),('STRESS2WMBA7LM843','demo@advancedtelematic.com'),('STRESS2YWRKRGXYTU','demo@advancedtelematic.com'),('STRESS2ZY5F63WLUT','demo@advancedtelematic.com'),('STRESS34EVML6BGZR','demo@advancedtelematic.com'),('STRESS3KWTF657U2S','demo@advancedtelematic.com'),('STRESS3VLBU9SAK59','demo@advancedtelematic.com'),('STRESS45DNBTLRSUP','demo@advancedtelematic.com'),('STRESS47453PUYP5A','demo@advancedtelematic.com'),('STRESS48U1LYRZDT1','demo@advancedtelematic.com'),('STRESS4DC9NP7WSMZ','demo@advancedtelematic.com'),('STRESS4ELMEAE1A29','demo@advancedtelematic.com'),('STRESS4UZJWJEAHZ5','demo@advancedtelematic.com'),('STRESS4WA0S4MVD3M','demo@advancedtelematic.com'),('STRESS4YDPUZ7THTH','demo@advancedtelematic.com'),('STRESS59YVFD9JALF','demo@advancedtelematic.com'),('STRESS5DBT3XT01BB','demo@advancedtelematic.com'),('STRESS5NYMXWHBC6S','demo@advancedtelematic.com'),('STRESS5P9ZX1FGBRX','demo@advancedtelematic.com'),('STRESS5T0WZSAYW76','demo@advancedtelematic.com'),('STRESS5UFX4VD1NXK','demo@advancedtelematic.com'),('STRESS5ZD5TKZDG5H','demo@advancedtelematic.com'),('STRESS62AF94VAZ13','demo@advancedtelematic.com'),('STRESS6SL0K336EBE','demo@advancedtelematic.com'),('STRESS75X9JM1D28J','demo@advancedtelematic.com'),('STRESS7B89DX3K6YV','demo@advancedtelematic.com'),('STRESS7KE2S3GG9UY','demo@advancedtelematic.com'),('STRESS7VMDMJSHKN7','demo@advancedtelematic.com'),('STRESS84NF61X9MVS','demo@advancedtelematic.com'),('STRESS889ABK4WBC9','demo@advancedtelematic.com'),('STRESS8B0XSLTG2E4','demo@advancedtelematic.com'),('STRESS8G9TZ938FHN','demo@advancedtelematic.com'),('STRESS8NHCL547AT1','demo@advancedtelematic.com'),('STRESS964166KMN18','demo@advancedtelematic.com'),('STRESS96TE6J56ZK2','demo@advancedtelematic.com'),('STRESS9CSSLY0VBKS','demo@advancedtelematic.com'),('STRESS9HCRSGMRL90','demo@advancedtelematic.com'),('STRESS9JBZ8HVBHSN','demo@advancedtelematic.com'),('STRESS9M96A8GJUL1','demo@advancedtelematic.com'),('STRESS9T9KUPENWVB','demo@advancedtelematic.com'),('STRESS9YFWC4Y8W6N','demo@advancedtelematic.com'),('STRESS9Z0M0LYTYFJ','demo@advancedtelematic.com'),('STRESS9ZGU0TSSAPW','demo@advancedtelematic.com'),('STRESS9ZZFJTA8FZX','demo@advancedtelematic.com'),('STRESSA2T3T2RLLWL','demo@advancedtelematic.com'),('STRESSA6HK75EKETF','demo@advancedtelematic.com'),('STRESSA71T4KC16JZ','demo@advancedtelematic.com'),('STRESSA8LBMW44ZCD','demo@advancedtelematic.com'),('STRESSACXZ2PVFN7M','demo@advancedtelematic.com'),('STRESSADGPNAVC7AE','demo@advancedtelematic.com'),('STRESSADN0LRDS6G2','demo@advancedtelematic.com'),('STRESSALFWCRK3J0R','demo@advancedtelematic.com'),('STRESSB0L22CXJ4S0','demo@advancedtelematic.com'),('STRESSB4W9X3P19BB','demo@advancedtelematic.com'),('STRESSB55RRU8A69H','demo@advancedtelematic.com'),('STRESSB7J243T5DKS','demo@advancedtelematic.com'),('STRESSBF4PEW6DU4Y','demo@advancedtelematic.com'),('STRESSBKRKKYX8XJZ','demo@advancedtelematic.com'),('STRESSBPPBZ7VAAXZ','demo@advancedtelematic.com'),('STRESSC0MHLZCU1YG','demo@advancedtelematic.com'),('STRESSC34CPEHDMVS','demo@advancedtelematic.com'),('STRESSC3U9ZGSPDZD','demo@advancedtelematic.com'),('STRESSCAX3L5ZZXZX','demo@advancedtelematic.com'),('STRESSCJGVP3DTDAR','demo@advancedtelematic.com'),('STRESSCJXC4DE9DLH','demo@advancedtelematic.com'),('STRESSCKJ7XV04RWR','demo@advancedtelematic.com'),('STRESSCP84ZWUZ7JZ','demo@advancedtelematic.com'),('STRESSCSVAD36Y0KJ','demo@advancedtelematic.com'),('STRESSCURX37XRED2','demo@advancedtelematic.com'),('STRESSCWM0KTACHYJ','demo@advancedtelematic.com'),('STRESSCX7V46HHL1B','demo@advancedtelematic.com'),('STRESSD7JN03KSBCK','demo@advancedtelematic.com'),('STRESSD9H1S7ADP59','demo@advancedtelematic.com'),('STRESSDFR90W2SP99','demo@advancedtelematic.com'),('STRESSDK67TMNXEYG','demo@advancedtelematic.com'),('STRESSDLJKUR79RM0','demo@advancedtelematic.com'),('STRESSDUSSFL5WJRZ','demo@advancedtelematic.com'),('STRESSDV1LJ93MADD','demo@advancedtelematic.com'),('STRESSDXZ30F11AZ1','demo@advancedtelematic.com'),('STRESSDZS3X63D48U','demo@advancedtelematic.com'),('STRESSE39DZUXEC97','demo@advancedtelematic.com'),('STRESSE3F8H8221TF','demo@advancedtelematic.com'),('STRESSEMGAZ5NTY8T','demo@advancedtelematic.com'),('STRESSF44SJLGVBVX','demo@advancedtelematic.com'),('STRESSF661V7RCH1R','demo@advancedtelematic.com'),('STRESSF66V3UFSCL8','demo@advancedtelematic.com'),('STRESSFHF3AUUYG1X','demo@advancedtelematic.com'),('STRESSFJZR6MEYPEK','demo@advancedtelematic.com'),('STRESSFK55MT2ZLF5','demo@advancedtelematic.com'),('STRESSFNGTPWE2PMG','demo@advancedtelematic.com'),('STRESSFRXJD5MHSVZ','demo@advancedtelematic.com'),('STRESSFTGZXF9K3FR','demo@advancedtelematic.com'),('STRESSFTXCAM0XYR7','demo@advancedtelematic.com'),('STRESSFV9CB891YAG','demo@advancedtelematic.com'),('STRESSG1LHM44DAMK','demo@advancedtelematic.com'),('STRESSG20DJ2GXR18','demo@advancedtelematic.com'),('STRESSG5YX3856TV5','demo@advancedtelematic.com'),('STRESSG7RY2UV103R','demo@advancedtelematic.com'),('STRESSGAL7LE414B4','demo@advancedtelematic.com'),('STRESSGD47L2HCKE3','demo@advancedtelematic.com'),('STRESSGMMM7EEZN8B','demo@advancedtelematic.com'),('STRESSGSJ8A0UJFAE','demo@advancedtelematic.com'),('STRESSGUPUNCM8C8A','demo@advancedtelematic.com'),('STRESSGVTHUFPK3ET','demo@advancedtelematic.com'),('STRESSGWMCAF0UT81','demo@advancedtelematic.com'),('STRESSGYW0KEE1UFC','demo@advancedtelematic.com'),('STRESSH61J2PKE78U','demo@advancedtelematic.com'),('STRESSH6MBKD8MHHB','demo@advancedtelematic.com'),('STRESSH75J9YSAPVW','demo@advancedtelematic.com'),('STRESSHEANNHEL5D5','demo@advancedtelematic.com'),('STRESSHF2EHPWG792','demo@advancedtelematic.com'),('STRESSHMV35DDW8YH','demo@advancedtelematic.com'),('STRESSHXCXFYGJM5D','demo@advancedtelematic.com'),('STRESSJ14JVZCF45B','demo@advancedtelematic.com'),('STRESSJ1RS2KWA329','demo@advancedtelematic.com'),('STRESSJ40J8P36KBU','demo@advancedtelematic.com'),('STRESSJ8TPS3CG6HU','demo@advancedtelematic.com'),('STRESSJ9SFWDA0FCA','demo@advancedtelematic.com'),('STRESSJJYS4KCZMZ9','demo@advancedtelematic.com'),('STRESSJKVLWRJ3ACS','demo@advancedtelematic.com'),('STRESSJLRGB4F4Y2U','demo@advancedtelematic.com'),('STRESSJMKEW5RC4PL','demo@advancedtelematic.com'),('STRESSJMUW821V09U','demo@advancedtelematic.com'),('STRESSJMZTBSYR79J','demo@advancedtelematic.com'),('STRESSJRUDFP0BF1Y','demo@advancedtelematic.com'),('STRESSJV72M4E2JJN','demo@advancedtelematic.com'),('STRESSJVXUBAHVN7K','demo@advancedtelematic.com'),('STRESSJXTP4L8U0K9','demo@advancedtelematic.com'),('STRESSJZM6W9EXSDF','demo@advancedtelematic.com'),('STRESSJZNKDNTDDRK','demo@advancedtelematic.com'),('STRESSK5EPF3N8Z5V','demo@advancedtelematic.com'),('STRESSK9D274LEKB2','demo@advancedtelematic.com'),('STRESSK9RJ1P89F4E','demo@advancedtelematic.com'),('STRESSKBAN9GER6J4','demo@advancedtelematic.com'),('STRESSKHWCZ1J83E3','demo@advancedtelematic.com'),('STRESSKRNF6RALC44','demo@advancedtelematic.com'),('STRESSKSJMF554NTZ','demo@advancedtelematic.com'),('STRESSKU3DSELTZ5G','demo@advancedtelematic.com'),('STRESSL3V9BX73ZTS','demo@advancedtelematic.com'),('STRESSL7UPHFS4E5R','demo@advancedtelematic.com'),('STRESSL85S6NS1UX5','demo@advancedtelematic.com'),('STRESSLNHR70FPLTP','demo@advancedtelematic.com'),('STRESSM1EY7NEL1XJ','demo@advancedtelematic.com'),('STRESSM35UE87WM5W','demo@advancedtelematic.com'),('STRESSM5108M2GFLH','demo@advancedtelematic.com'),('STRESSM5W1FH4LJ5B','demo@advancedtelematic.com'),('STRESSM7V1626F3X7','demo@advancedtelematic.com'),('STRESSMG8MJ0FSL2T','demo@advancedtelematic.com'),('STRESSMNTWGLUABZJ','demo@advancedtelematic.com'),('STRESSMP3M9JNPR44','demo@advancedtelematic.com'),('STRESSMSBJ798YRXA','demo@advancedtelematic.com'),('STRESSMSHNEEC6UXP','demo@advancedtelematic.com'),('STRESSN14AZBGWTJ5','demo@advancedtelematic.com'),('STRESSN4VCAJ0P2NL','demo@advancedtelematic.com'),('STRESSN61275TL5JX','demo@advancedtelematic.com'),('STRESSNC9SAWM60NW','demo@advancedtelematic.com'),('STRESSNG8TVKHJECT','demo@advancedtelematic.com'),('STRESSNHGX7ZH37V6','demo@advancedtelematic.com'),('STRESSNKR6K18KM30','demo@advancedtelematic.com'),('STRESSNUJSYA03MXU','demo@advancedtelematic.com'),('STRESSNXY5DLLTVP0','demo@advancedtelematic.com'),('STRESSNXZP9V19LES','demo@advancedtelematic.com'),('STRESSP1U84RKFRHV','demo@advancedtelematic.com'),('STRESSP2VA4H1ELEL','demo@advancedtelematic.com'),('STRESSP7J8H4S3FJU','demo@advancedtelematic.com'),('STRESSPAYE5FCA6R0','demo@advancedtelematic.com'),('STRESSPAZEXUU83K9','demo@advancedtelematic.com'),('STRESSPK0J20ZUECF','demo@advancedtelematic.com'),('STRESSPK3A1KMJL8T','demo@advancedtelematic.com'),('STRESSPP10NGJ17SL','demo@advancedtelematic.com'),('STRESSPPZ8WH7A465','demo@advancedtelematic.com'),('STRESSPTAXW7N5113','demo@advancedtelematic.com'),('STRESSR01XMYSUC73','demo@advancedtelematic.com'),('STRESSR8ZYN14UVXK','demo@advancedtelematic.com'),('STRESSRR0HZ3SWEWG','demo@advancedtelematic.com'),('STRESSRV24Z6R6206','demo@advancedtelematic.com'),('STRESSS1ZJR4J2F4L','demo@advancedtelematic.com'),('STRESSS2TFNSHLLK2','demo@advancedtelematic.com'),('STRESSS2U0ZW253SD','demo@advancedtelematic.com'),('STRESSSA058BNMEFV','demo@advancedtelematic.com'),('STRESSSE91ZUVZ8KY','demo@advancedtelematic.com'),('STRESSSJ523K12H0P','demo@advancedtelematic.com'),('STRESSSM4NJJA4ZE6','demo@advancedtelematic.com'),('STRESSSPFD7P9PARU','demo@advancedtelematic.com'),('STRESSSSP4WYWU77E','demo@advancedtelematic.com'),('STRESSSSP5NWPADTU','demo@advancedtelematic.com'),('STRESSSTXNSDU2FU1','demo@advancedtelematic.com'),('STRESSSZ8WPVXAAZS','demo@advancedtelematic.com'),('STRESST2P1GWLR2V1','demo@advancedtelematic.com'),('STRESST5BPF4NGRS1','demo@advancedtelematic.com'),('STRESSTBVMW7VGBBE','demo@advancedtelematic.com'),('STRESSTNW5792ZZKJ','demo@advancedtelematic.com'),('STRESSTXZ2ERAAJ1C','demo@advancedtelematic.com'),('STRESSTZDXJY0UHUD','demo@advancedtelematic.com'),('STRESSU0CWVX96D3N','demo@advancedtelematic.com'),('STRESSU2499Z3BV7J','demo@advancedtelematic.com'),('STRESSU3P85VSSXB3','demo@advancedtelematic.com'),('STRESSU4FSP5GUUX2','demo@advancedtelematic.com'),('STRESSUB03T478HSJ','demo@advancedtelematic.com'),('STRESSUC48329WCK3','demo@advancedtelematic.com'),('STRESSULZJKHZY5FG','demo@advancedtelematic.com'),('STRESSV25D46DFLXM','demo@advancedtelematic.com'),('STRESSV579DZ2JZCB','demo@advancedtelematic.com'),('STRESSV6LAFMNNPCV','demo@advancedtelematic.com'),('STRESSV732X081ECV','demo@advancedtelematic.com'),('STRESSVAARY8BLT6U','demo@advancedtelematic.com'),('STRESSVCADCAS6SX5','demo@advancedtelematic.com'),('STRESSVCXWVXLNRU8','demo@advancedtelematic.com'),('STRESSVFS3R54PL9M','demo@advancedtelematic.com'),('STRESSVJJZZEWN155','demo@advancedtelematic.com'),('STRESSVKWPA03WG3D','demo@advancedtelematic.com'),('STRESSVM7AFP1HSXW','demo@advancedtelematic.com'),('STRESSVNRFR77FLWS','demo@advancedtelematic.com'),('STRESSVP65SEZ1LUW','demo@advancedtelematic.com'),('STRESSVTU9J4MB9GJ','demo@advancedtelematic.com'),('STRESSW1Z8AAHLHKR','demo@advancedtelematic.com'),('STRESSW6DFY6R6VS3','demo@advancedtelematic.com'),('STRESSWDAHD317HUS','demo@advancedtelematic.com'),('STRESSWGLP30EPX25','demo@advancedtelematic.com'),('STRESSWH2F56RTTCX','demo@advancedtelematic.com'),('STRESSWK4MVL1XU8K','demo@advancedtelematic.com'),('STRESSWKEM2ZG9Y3U','demo@advancedtelematic.com'),('STRESSWRCBYKD5YR9','demo@advancedtelematic.com'),('STRESSWUW1KYC1A5W','demo@advancedtelematic.com'),('STRESSX2SCKNW8JRT','demo@advancedtelematic.com'),('STRESSX51GB1ZKPXM','demo@advancedtelematic.com'),('STRESSX5HX6R0V38K','demo@advancedtelematic.com'),('STRESSXFR1KRLSF92','demo@advancedtelematic.com'),('STRESSXPSG51B2TLW','demo@advancedtelematic.com'),('STRESSXVWY70XKRM9','demo@advancedtelematic.com'),('STRESSXWY0CGCSCU6','demo@advancedtelematic.com'),('STRESSXZV26KXX8FU','demo@advancedtelematic.com'),('STRESSY2XP4GYC98K','demo@advancedtelematic.com'),('STRESSY4J3JSPZ9X0','demo@advancedtelematic.com'),('STRESSY9XRDMYWC9G','demo@advancedtelematic.com'),('STRESSYA28E32KU5M','demo@advancedtelematic.com'),('STRESSYFRS1STC8KD','demo@advancedtelematic.com'),('STRESSYM88F6ANYZE','demo@advancedtelematic.com'),('STRESSYV1WZ2L17TV','demo@advancedtelematic.com'),('STRESSYZ1H68TBVLU','demo@advancedtelematic.com'),('STRESSZ1LGGTJX0SW','demo@advancedtelematic.com'),('STRESSZA1T0GBLBJP','demo@advancedtelematic.com'),('STRESSZFV12FP7G9Y','demo@advancedtelematic.com'),('STRESSZMVD740103E','demo@advancedtelematic.com'),('STRESSZNJ424BDZHX','demo@advancedtelematic.com'),('STRESSZR4NZ7XB3BW','demo@advancedtelematic.com'),('STRESSZTW4NCS03T8','demo@advancedtelematic.com'),('STRESSZV4ARCP5T56','demo@advancedtelematic.com'),('WBAPK5C59BA655183','demo@advancedtelematic.com'),('XRTHRSAHF3FR80DT8','demo@advancedtelematic.com'),('XYYHKWUF5YZWDLVG0','demo@advancedtelematic.com'),('ZFA19200002220666','demo@advancedtelematic.com'),('ZZSTSTR0123456789','demo@advancedtelematic.com'),('ZZZ34567890193356','demo@advancedtelematic.com');
/*!40000 ALTER TABLE `Vehicle` ENABLE KEYS */;
UNLOCK TABLES;

--
-- Table structure for table `schema_version`
--

DROP TABLE IF EXISTS `schema_version`;
/*!40101 SET @saved_cs_client     = @@character_set_client */;
/*!40101 SET character_set_client = utf8 */;
CREATE TABLE `schema_version` (
  `version_rank` int(11) NOT NULL,
  `installed_rank` int(11) NOT NULL,
  `version` varchar(50) NOT NULL,
  `description` varchar(200) NOT NULL,
  `type` varchar(20) NOT NULL,
  `script` varchar(1000) NOT NULL,
  `checksum` int(11) DEFAULT NULL,
  `installed_by` varchar(100) NOT NULL,
  `installed_on` timestamp NOT NULL DEFAULT CURRENT_TIMESTAMP,
  `execution_time` int(11) NOT NULL,
  `success` tinyint(1) NOT NULL,
  PRIMARY KEY (`version`),
  KEY `schema_version_vr_idx` (`version_rank`),
  KEY `schema_version_ir_idx` (`installed_rank`),
  KEY `schema_version_s_idx` (`success`)
) ENGINE=InnoDB DEFAULT CHARSET=latin1;
/*!40101 SET character_set_client = @saved_cs_client */;

--
-- Dumping data for table `schema_version`
--

LOCK TABLES `schema_version` WRITE;
/*!40000 ALTER TABLE `schema_version` DISABLE KEYS */;
INSERT INTO `schema_version` VALUES (1,1,'1','initial schema','SQL','V1__initial_schema.sql',1304736610,'sota','2016-05-26 14:30:02',607,1),(2,2,'2','add firmware table','SQL','V2__add_firmware_table.sql',634873288,'sota','2016-05-26 14:30:03',355,1),(3,3,'3','namespaces','SQL','V3__namespaces.sql',-505833587,'sota','2016-05-26 14:30:05',1435,1),(4,4,'4','unique vins','SQL','V4__unique_vins.sql',382408909,'sota','2016-06-02 10:47:30',310,1);
/*!40000 ALTER TABLE `schema_version` ENABLE KEYS */;
UNLOCK TABLES;
/*!40103 SET TIME_ZONE=@OLD_TIME_ZONE */;

/*!40101 SET SQL_MODE=@OLD_SQL_MODE */;
/*!40014 SET FOREIGN_KEY_CHECKS=@OLD_FOREIGN_KEY_CHECKS */;
/*!40014 SET UNIQUE_CHECKS=@OLD_UNIQUE_CHECKS */;
/*!40101 SET CHARACTER_SET_CLIENT=@OLD_CHARACTER_SET_CLIENT */;
/*!40101 SET CHARACTER_SET_RESULTS=@OLD_CHARACTER_SET_RESULTS */;
/*!40101 SET COLLATION_CONNECTION=@OLD_COLLATION_CONNECTION */;
/*!40111 SET SQL_NOTES=@OLD_SQL_NOTES */;

-- Dump completed on 2016-06-28 16:54:09
