{
  "options": {
    "rtl": false
  },
  "data": {
    "otaconnect.account-settings.label.organization": "Environment: ",
    "otaconnect.account-settings.links.keys": "Credentials (provisioning)",
    "otaconnect.account-settings.links.organization": "Environments",
    "otaconnect.account-settings.links.profile": "Profile",
    "otaconnect.account-settings.links.sign-out": "Sign out",
    "otaconnect.account-settings.links.terms": "Service Terms",
    "otaconnect.account-settings.links.usage": "Usage",
    "otaconnect.campaigns.list-item.created-at": "CREATED",
    "otaconnect.dashboard.build-team.button-title": "Add members",
    "otaconnect.dashboard.build-team.description": "Give your colleagues access to devices, campaigns, and software versions and updates so you can work on projects together.",
    "otaconnect.dashboard.build-team.title": "Build your team",
    "otaconnect.dashboard.docs-links.description": "Practical examples to help you set up and manage OTA Connect.",
    "otaconnect.dashboard.docs-links.link-create-campaigns": "Create campaigns",
    "otaconnect.dashboard.docs-links.link-create-device-groups": "Create device groups",
    "otaconnect.dashboard.docs-links.link-create-software-updates": "Create software updates",
    "otaconnect.dashboard.docs-links.link-create-troubleshoot-campaigns": "Troubleshoot campaigns",
    "otaconnect.dashboard.docs-links.title": "Examples",
    "otaconnect.dashboard.recent-activity.filter-menu.item-campaigns": "Campaigns",
    "otaconnect.dashboard.recent-activity.filter-menu.item-device-groups": "Device groups",
    "otaconnect.dashboard.recent-activity.filter-menu.item-devices": "Devices",
    "otaconnect.dashboard.recent-activity.filter-menu.item-software-updates": "Software updates",
    "otaconnect.dashboard.recent-activity.filter-menu.item-software-versions": "Software versions",
    "otaconnect.dashboard.recent-activity.filter-menu.title": "FILTER",
    "otaconnect.dashboard.recent-activity.filter-menu.type": "Type",
    "otaconnect.dashboard.recent-activity.no-data.empty": "It's been a little quiet here lately…",
    "otaconnect.dashboard.recent-activity.no-data.nothing-created": "Nothing to show here yet. Get started by provisioning some devices.",
    "otaconnect.dashboard.recent-activity.title": "Recent activity",
    "otaconnect.dashboard.recent-activity.type.campaign": "Campaign created",
    "otaconnect.dashboard.recent-activity.type.device": "Device provisioned",
    "otaconnect.dashboard.recent-activity.type.device-group": "Device group created",
    "otaconnect.dashboard.recent-activity.type.software-update": "Software update created",
    "otaconnect.dashboard.recent-activity.type.software-version": "Software version uploaded",
    "otaconnect.dashboard.stepper.read-more": "Read more",
    "otaconnect.dashboard.stepper.step-0.action": "Provision devices",
    "otaconnect.dashboard.stepper.step-0.desc": "Set up devices with a shared credential linked to your account.",
    "otaconnect.dashboard.stepper.step-0.desc-done": "Not online recently: <strong>{{count}}</strong>",
    "otaconnect.dashboard.stepper.step-0.desc-done-plural": "Not online recently: <strong>{{count}}</strong>",
    "otaconnect.dashboard.stepper.step-0.title": "Devices",
    "otaconnect.dashboard.stepper.step-1.action": "Upload software",
    "otaconnect.dashboard.stepper.step-1.desc": "Upload a software version to set up updates and campaigns.",
    "otaconnect.dashboard.stepper.step-1.title": "Software versions",
    "otaconnect.dashboard.stepper.step-2.action": "Create group",
    "otaconnect.dashboard.stepper.step-2.desc": "Control which devices get which updates by setting up device groups.",
    "otaconnect.dashboard.stepper.step-2.desc-done": "Ungrouped devices: <strong>{{count}}</strong> ",
    "otaconnect.dashboard.stepper.step-2.desc-done-plural": "Ungrouped devices: <strong>{{count}}</strong> ",
    "otaconnect.dashboard.stepper.step-2.title": "Device groups",
    "otaconnect.dashboard.stepper.step-3.action": "Create update",
    "otaconnect.dashboard.stepper.step-3.desc": "Define the sets of software versions to be sent to devices.",
    "otaconnect.dashboard.stepper.step-3.title": "Software updates",
    "otaconnect.dashboard.stepper.step-4.action": "Create campaign",
    "otaconnect.dashboard.stepper.step-4.desc": "Deploy software updates to groups of vehicles.",
    "otaconnect.dashboard.stepper.step-4.desc-done": "<strong>{{count}}</strong> with errors",
    "otaconnect.dashboard.stepper.step-4.desc-done-plural": "<strong>{{count}}</strong> with errors",
    "otaconnect.dashboard.stepper.step-4.title": "Campaigns",
    "otaconnect.dashboard.stepper.tooltip-1": "Provision device first",
    "otaconnect.dashboard.stepper.tooltip-2": "Upload software first",
    "otaconnect.dashboard.stepper.tooltip-3": "Create groups and updates first",
    "otaconnect.devices.hardware.activated": "First seen",
    "otaconnect.devices.hardware.last-seen-online": "Last seen",
    "otaconnect.devices.last-updated-item": "Last updated: {{date}}",
    "otaconnect.devices.mtu.properties.created": "Created:",
    "otaconnect.devices.never-seen-online": "Never online",
    "otaconnect.devices.software.created-at": "Created:",
    "otaconnect.devices.statuses.unknown": "Never online",
    "otaconnect.footer.copyright": "© 2020 HERE",
    "otaconnect.footer.language": "Language",
    "otaconnect.footer.language.chinese": "Chinese",
    "otaconnect.footer.language.english": "English",
    "otaconnect.footer.language.japanese": "Japanese",
    "otaconnect.footer.language.pseudo": "Pseudo",
    "otaconnect.footer.links.contact-us": "Contact HERE",
    "otaconnect.footer.links.privacy-policy": "Privacy Policy",
    "otaconnect.footer.links.service-terms": "Service Terms",
    "otaconnect.help-sidebar.links.contact": "Contact support (English only)",
    "otaconnect.help-sidebar.links.developer-guide": "Developer guide",
    "otaconnect.help-sidebar.links.get-started": "Get started",
    "otaconnect.help-sidebar.links.release-notes": "Release Notes",
    "otaconnect.help-sidebar.links.user-guide": "User guide",
    "otaconnect.help-sidebar.title": "Support",
    "otaconnect.navigation.app-name": "OTA Connect",
    "otaconnect.navigation.campaigns": "Campaigns",
    "otaconnect.navigation.devices": "Devices",
    "otaconnect.navigation.environments.selector.selecttitle": "SELECT AN ENVIRONMENT",
    "otaconnect.navigation.environments.selector.title": "ENVIRONMENT:",
    "otaconnect.navigation.home": "Home",
    "otaconnect.navigation.impact-analysis": "Impact",
    "otaconnect.navigation.softwares": "Software versions",
    "otaconnect.navigation.updates": "Software updates",
    "otaconnect.profile.organization.add-member-modal.add": "Add",
    "otaconnect.profile.organization.add-member-modal.error-msg": "Invalid email",
    "otaconnect.profile.organization.add-member-modal.input-label": "EMAIL",
    "otaconnect.profile.organization.add-member-modal.placeholder": "Enter email",
    "otaconnect.profile.organization.add-member-modal.title": "Add member",
    "otaconnect.profile.organization.create-env": "Create environment",
    "otaconnect.profile.organization.create-modal.cancel": "Cancel",
    "otaconnect.profile.organization.create-modal.create": "Create",
    "otaconnect.profile.organization.create-modal.input-error1": "Name you entered has invalid characters. Use letters, numbers and '\\\",;:.-_/()",
    "otaconnect.profile.organization.create-modal.input-error2": "Name you entered is too long. Keep it within 30 characters.",
    "otaconnect.profile.organization.create-modal.input-label": "NAME",
    "otaconnect.profile.organization.create-modal.input-placeholder": "Enter environment name",
    "otaconnect.profile.organization.create-modal.subtitle": "You can create up to 10 environments",
    "otaconnect.profile.organization.creator": "Creator",
    "otaconnect.profile.organization.creator-tooltip": "The creator of this environment. They can leave or be removed from it.",
    "otaconnect.profile.organization.details.add-member": "Add member",
    "otaconnect.profile.organization.details.by": "by",
    "otaconnect.profile.organization.details.created": "Created",
    "otaconnect.profile.organization.details.id": "ID",
    "otaconnect.profile.organization.details.list.added": "ADDED",
    "otaconnect.profile.organization.details.list.email": "E-MAIL",
    "otaconnect.profile.organization.details.rename": "Rename",
    "otaconnect.profile.organization.header.home-env-tip": "Your home environment: ",
    "otaconnect.profile.organization.header.home-env-tooltip": "You get this environment upon registration and cannot leave or be removed from it.",
    "otaconnect.profile.organization.list.headers.created": "CREATED",
    "otaconnect.profile.organization.list.headers.id": "ID",
    "otaconnect.profile.organization.list.headers.members": "MEMBERS",
    "otaconnect.profile.organization.list.headers.name": "NAME",
    "otaconnect.profile.organization.max-env-modal.close": "Close",
    "otaconnect.profile.organization.max-env-modal.desc": "You can't create another environment because you have reached the limit of 10 created environments.",
    "otaconnect.profile.organization.max-env-modal.title": "Too many environments",
    "otaconnect.profile.organization.members.leave": "Leave",
    "otaconnect.profile.organization.members.remove": "Remove",
    "otaconnect.profile.organization.nav.back": "Back",
    "otaconnect.profile.organization.nav.title": "Settings Environments",
    "otaconnect.profile.organization.owner": "Owner",
    "otaconnect.profile.organization.owner-tooltip": "The owner of this  environment. They cannot leave or be removed because it's their home environment.",
    "otaconnect.profile.organization.remove-modal.cancel": "No, cancel",
    "otaconnect.profile.organization.remove-modal.confirm": "Yes, remove",
    "otaconnect.profile.organization.remove-modal.confirm.self": "Yes, leave",
    "otaconnect.profile.organization.remove-modal.desc": "The member will no longer have access to the resources in this environment.",
    "otaconnect.profile.organization.remove-modal.desc.self": "This will revoke your access to its resources. To join again, a member of the environment will have to add you to it.",
    "otaconnect.profile.organization.remove-modal.desc.self.last": "You are the only user of this environment. If you leave it, the environment will be permanently deleted.",
    "otaconnect.profile.organization.remove-modal.title": "Remove member?",
    "otaconnect.profile.organization.remove-modal.title.self": "Leave environment?",
    "otaconnect.profile.organization.rename-modal.confirm": "Confirm",
    "otaconnect.profile.organization.rename-modal.input-label": "NAME",
    "otaconnect.profile.organization.rename-modal.title": "Rename environment",
    "otaconnect.profile.organization.title": "Environments",
    "otaconnect.software.create-modal.description": "Upload new software versions manually. Full-device images built with OTA Connect developer tools are uploaded automatically. You're responsible for the content of the software versions and their impact on devices. Please take care, make sure software is properly tested and that customer support is available.",
    "otaconnect.software.create-modal.file-information": "Max 1 GB. For larger files, use the CLI. Upload speed depends on your network connection.",
    "otaconnect.software.create-modal.file-upload-size-error": "{{size}} ! Can't upload files larger than 1 GB.",
    "otaconnect.software.details.updated-at": "Updated:",
    "otaconnect.software.keys-offline-modal.close": "Close",
    "otaconnect.software.keys-offline-modal.desc": "You've taken your software signing keys offline so you can't use OTA Connect to upload new software. Use the CLI or other developer tools instead. For more details, see the ",
    "otaconnect.software.keys-offline-modal.desc-url": "software signing documentation",
    "otaconnect.software.keys-offline-modal.title": "Can't upload new software",
    "otaconnect.software.repository.created": "Created: {{date}}",
    "otaconnect.software.repository.updated": "Updated: {{date}}",
    "otaconnect.terms.agreed-on": "(AGREED ON {{date}})"
  }
}