{
  "options": {
    "rtl": false
  },
  "data": {
    "otaconnect.account-settings.label.organization": "環境: ",
    "otaconnect.account-settings.links.keys": "資格情報 (プロビジョニング)",
    "otaconnect.account-settings.links.organization": "環境",
    "otaconnect.account-settings.links.profile": "プロフィール",
    "otaconnect.account-settings.links.sign-out": "サインアウト",
    "otaconnect.account-settings.links.terms": "サービス条件",
    "otaconnect.account-settings.links.usage": "使用量",
    "otaconnect.campaigns.list-item.created-at": "CREATED",
    "otaconnect.dashboard.build-team.button-title": "メンバーを追加",
    "otaconnect.dashboard.build-team.description": "デバイス、アップデート プラン、ソフトウェア バージョンおよびアップデートへのアクセス権を同僚に与えて、プロジェクトの作業を共同で行えるようにします。",
    "otaconnect.dashboard.build-team.title": "チームを作成",
    "otaconnect.dashboard.docs-links.description": "OTA Connect の設定および管理に役立つ実用的な例です。",
    "otaconnect.dashboard.docs-links.link-create-campaigns": "アップデート プランを作成",
    "otaconnect.dashboard.docs-links.link-create-device-groups": "デバイス グループを作成",
    "otaconnect.dashboard.docs-links.link-create-software-updates": "ソフトウェア アップデートを作成",
    "otaconnect.dashboard.docs-links.link-create-troubleshoot-campaigns": "アップデート プランのトラブルシューティング",
    "otaconnect.dashboard.docs-links.title": "例",
    "otaconnect.dashboard.recent-activity.filter-menu.item-campaigns": "アップデート プラン",
    "otaconnect.dashboard.recent-activity.filter-menu.item-device-groups": "デバイス グループ",
    "otaconnect.dashboard.recent-activity.filter-menu.item-devices": "デバイス",
    "otaconnect.dashboard.recent-activity.filter-menu.item-software-updates": "ソフトウェア アップデート",
    "otaconnect.dashboard.recent-activity.filter-menu.item-software-versions": "ソフトウェア バージョン",
    "otaconnect.dashboard.recent-activity.filter-menu.title": "フィルター",
    "otaconnect.dashboard.recent-activity.filter-menu.type": "タイプ",
    "otaconnect.dashboard.recent-activity.no-data.empty": "最近のアクティビティはありません。",
    "otaconnect.dashboard.recent-activity.no-data.nothing-created": "表示する内容がまだありません。まずデバイスをプロビジョニングしてください。",
    "otaconnect.dashboard.recent-activity.title": "最近のアクティビティ",
    "otaconnect.dashboard.recent-activity.type.campaign": "アップデート プランが作成されました",
    "otaconnect.dashboard.recent-activity.type.device": "デバイスがプロビジョニングされました",
    "otaconnect.dashboard.recent-activity.type.device-group": "デバイス グループが作成されました",
    "otaconnect.dashboard.recent-activity.type.software-update": "ソフトウェア アップデートが作成されました",
    "otaconnect.dashboard.recent-activity.type.software-version": "ソフトウェア バージョンがアップロードされました",
    "otaconnect.dashboard.stepper.read-more": "もっと読む",
    "otaconnect.dashboard.stepper.step-0.action": "デバイスをプロビジョニング",
    "otaconnect.dashboard.stepper.step-0.desc": "アカウントにリンクされた共有資格情報を使用してデバイスを設定します。",
    "otaconnect.dashboard.stepper.step-0.desc-done": "最近オフラインのデバイス: <strong>{{count}}</strong>",
    "otaconnect.dashboard.stepper.step-0.desc-done-plural": "最近オフラインのデバイス: <strong>{{count}}</strong>",
    "otaconnect.dashboard.stepper.step-0.title": "デバイス",
    "otaconnect.dashboard.stepper.step-1.action": "ソフトウェアをアップロード",
    "otaconnect.dashboard.stepper.step-1.desc": "ソフトウェア バージョンをアップロードして、アップデートとアップデート プランを設定します。",
    "otaconnect.dashboard.stepper.step-1.title": "ソフトウェア バージョン",
    "otaconnect.dashboard.stepper.step-2.action": "グループを作成",
    "otaconnect.dashboard.stepper.step-2.desc": "デバイス グループを設定して、どのデバイスにどのアップデートを送信するかを管理します。",
    "otaconnect.dashboard.stepper.step-2.desc-done": "未グループ化デバイス: <strong>{{count}}</strong> 台 ",
    "otaconnect.dashboard.stepper.step-2.desc-done-plural": "未グループ化デバイス: <strong>{{count}}</strong> 台 ",
    "otaconnect.dashboard.stepper.step-2.title": "デバイス グループ",
    "otaconnect.dashboard.stepper.step-3.action": "アップデートを作成",
    "otaconnect.dashboard.stepper.step-3.desc": "デバイスに送信するソフトウェア バージョンのセットを定義します。",
    "otaconnect.dashboard.stepper.step-3.title": "ソフトウェア アップデート",
    "otaconnect.dashboard.stepper.step-4.action": "アップデート プランを作成",
    "otaconnect.dashboard.stepper.step-4.desc": "車両のグループにソフトウェア アップデートを展開します。",
    "otaconnect.dashboard.stepper.step-4.desc-done": "エラーあり: <strong>{{count}}</strong> 件",
    "otaconnect.dashboard.stepper.step-4.desc-done-plural": "エラーあり: <strong>{{count}}</strong> 件",
    "otaconnect.dashboard.stepper.step-4.title": "アップデート プランのトラブルシューティング",
    "otaconnect.dashboard.stepper.tooltip-1": "まずデバイスをプロビジョニングしてください",
    "otaconnect.dashboard.stepper.tooltip-2": "まずソフトウェアをアップロードしてください",
    "otaconnect.dashboard.stepper.tooltip-3": "まずグループとアップデートを作成してください",
    "otaconnect.devices.hardware.activated": "First seen",
    "otaconnect.devices.hardware.last-seen-online": "Last seen",
    "otaconnect.devices.last-updated-item": "Last updated: {{date}}",
    "otaconnect.devices.mtu.properties.created": "Created:",
    "otaconnect.devices.never-seen-online": "Never online",
    "otaconnect.devices.software.created-at": "Created:",
    "otaconnect.devices.statuses.unknown": "Never online",
    "otaconnect.footer.copyright": "© 2020 HERE",
    "otaconnect.footer.language": "言語",
    "otaconnect.footer.language.chinese": "中国語",
    "otaconnect.footer.language.english": "English",
    "otaconnect.footer.language.japanese": "日本語",
    "otaconnect.footer.language.pseudo": "Pseudo",
    "otaconnect.footer.links.contact-us": "HERE に連絡",
    "otaconnect.footer.links.privacy-policy": "プライバシー ポリシー",
    "otaconnect.footer.links.service-terms": "サービス条件",
    "otaconnect.help-sidebar.links.contact": "サポートに連絡 (英語のみ)",
    "otaconnect.help-sidebar.links.developer-guide": "開発者ガイド",
    "otaconnect.help-sidebar.links.get-started": "利用開始",
    "otaconnect.help-sidebar.links.release-notes": "Release Notes",
    "otaconnect.help-sidebar.links.user-guide": "ユーザー ガイド",
    "otaconnect.help-sidebar.title": "サポート",
    "otaconnect.navigation.app-name": "OTA Connect",
    "otaconnect.navigation.campaigns": "アップデート プラン",
    "otaconnect.navigation.devices": "デバイス",
    "otaconnect.navigation.environments.selector.selecttitle": "環境を選択",
    "otaconnect.navigation.environments.selector.title": "環境:",
    "otaconnect.navigation.home": "ホーム",
    "otaconnect.navigation.impact-analysis": "インパクト",
    "otaconnect.navigation.softwares": "ソフトウェア バージョン",
    "otaconnect.navigation.updates": "ソフトウェア アップデート",
    "otaconnect.profile.organization.add-member-modal.add": "Add",
    "otaconnect.profile.organization.add-member-modal.error-msg": "Invalid email",
    "otaconnect.profile.organization.add-member-modal.input-label": "EMAIL",
    "otaconnect.profile.organization.add-member-modal.placeholder": "Enter email",
    "otaconnect.profile.organization.add-member-modal.title": "Add member",
    "otaconnect.profile.organization.create-env": "Create environment",
    "otaconnect.profile.organization.create-modal.cancel": "Cancel",
    "otaconnect.profile.organization.create-modal.create": "Create",
    "otaconnect.profile.organization.create-modal.input-error1": "Name you entered has invalid characters. Use letters, numbers and '\\\",;:.-_/()",
    "otaconnect.profile.organization.create-modal.input-error2": "Name you entered is too long. Keep it within 30 characters.",
    "otaconnect.profile.organization.create-modal.input-label": "NAME",
    "otaconnect.profile.organization.create-modal.input-placeholder": "Enter environment name",
    "otaconnect.profile.organization.create-modal.subtitle": "You can create up to 10 environments",
    "otaconnect.profile.organization.creator": "Creator",
    "otaconnect.profile.organization.creator-tooltip": "The creator of this environment. They can leave or be removed from it.",
    "otaconnect.profile.organization.details.add-member": "Add member",
    "otaconnect.profile.organization.details.by": "by",
    "otaconnect.profile.organization.details.created": "Created",
    "otaconnect.profile.organization.details.id": "ID",
    "otaconnect.profile.organization.details.list.added": "ADDED",
    "otaconnect.profile.organization.details.list.email": "E-MAIL",
    "otaconnect.profile.organization.details.rename": "Rename",
    "otaconnect.profile.organization.header.home-env-tip": "Your home environment: ",
    "otaconnect.profile.organization.header.home-env-tooltip": "You get this environment upon registration and cannot leave or be removed from it.",
    "otaconnect.profile.organization.list.headers.created": "CREATED",
    "otaconnect.profile.organization.list.headers.id": "ID",
    "otaconnect.profile.organization.list.headers.members": "MEMBERS",
    "otaconnect.profile.organization.list.headers.name": "NAME",
    "otaconnect.profile.organization.max-env-modal.close": "Close",
    "otaconnect.profile.organization.max-env-modal.desc": "You can't create another environment because you have reached the limit of 10 created environments.",
    "otaconnect.profile.organization.max-env-modal.title": "Too many environments",
    "otaconnect.profile.organization.members.leave": "Leave",
    "otaconnect.profile.organization.members.remove": "Remove",
    "otaconnect.profile.organization.nav.back": "Back",
    "otaconnect.profile.organization.nav.title": "Settings Environments",
    "otaconnect.profile.organization.owner": "Owner",
    "otaconnect.profile.organization.owner-tooltip": "The owner of this  environment. They cannot leave or be removed because it's their home environment.",
    "otaconnect.profile.organization.remove-modal.cancel": "No, cancel",
    "otaconnect.profile.organization.remove-modal.confirm": "Yes, remove",
    "otaconnect.profile.organization.remove-modal.confirm.self": "Yes, leave",
    "otaconnect.profile.organization.remove-modal.desc": "The member will no longer have access to the resources in this environment.",
    "otaconnect.profile.organization.remove-modal.desc.self": "This will revoke your access to its resources. To join again, a member of the environment will have to add you to it.",
    "otaconnect.profile.organization.remove-modal.desc.self.last": "You are the only user of this environment. If you leave it, the environment will be permanently deleted.",
    "otaconnect.profile.organization.remove-modal.title": "Remove member?",
    "otaconnect.profile.organization.remove-modal.title.self": "Leave environment?",
    "otaconnect.profile.organization.rename-modal.confirm": "Confirm",
    "otaconnect.profile.organization.rename-modal.input-label": "NAME",
    "otaconnect.profile.organization.rename-modal.title": "Rename environment",
    "otaconnect.profile.organization.title": "Environments",
    "otaconnect.software.create-modal.description": "Upload new software versions manually. Full-device images built with OTA Connect developer tools are uploaded automatically. You're responsible for the content of the software versions and their impact on devices. Please take care, make sure software is properly tested and that customer support is available.",
    "otaconnect.software.create-modal.file-information": "Max 1 GB. For larger files, use the CLI. Upload speed depends on your network connection.",
    "otaconnect.software.create-modal.file-upload-size-error": "{{size}} ! Can't upload files larger than 1 GB.",
    "otaconnect.software.details.updated-at": "Updated:",
    "otaconnect.software.keys-offline-modal.close": "Close",
    "otaconnect.software.keys-offline-modal.desc": "You've taken your software signing keys offline so you can't use OTA Connect to upload new software. Use the CLI or other developer tools instead. For more details, see the ",
    "otaconnect.software.keys-offline-modal.desc-url": "software signing documentation",
    "otaconnect.software.keys-offline-modal.title": "Can't upload new software",
    "otaconnect.software.repository.created": "Created: {{date}}",
    "otaconnect.software.repository.updated": "Updated: {{date}}",
    "otaconnect.terms.agreed-on": "(AGREED ON {{date}})"
  }
}