{
  "options": {
    "rtl": false
  },
  "data": {
    "otaconnect.account-settings.label.organization": "環境: ",
    "otaconnect.account-settings.links.keys": "資格情報 (プロビジョニング)",
    "otaconnect.account-settings.links.profile": "プロフィール",
    "otaconnect.account-settings.links.sign-out": "サインアウト",
    "otaconnect.account-settings.links.terms": "サービス条件",
    "otaconnect.account-settings.links.usage": "使用量",
    "otaconnect.campaigns.create": "Create campaign",
    "otaconnect.campaigns.list-item.created-at": "作成日時",
    "otaconnect.campaigns.no-campaigns-1": "No campaigns in this environment",
    "otaconnect.campaigns.no-campaigns-2": "Create campaigns, and they will show up here.",
    "otaconnect.campaigns.no-campaigns-cancelled": "No canceled campaigns in this environment.",
    "otaconnect.campaigns.no-campaigns-finished": "Some devices in your running campaigns may be offline or waiting for user consent.",
    "otaconnect.campaigns.no-campaigns-finished-extra": "No completed campaigns in this environment.",
    "otaconnect.campaigns.no-campaigns-prepared": "No campaigns in preparation in this environment.",
    "otaconnect.campaigns.no-campaigns-running": "No running campaigns in this environment.",
    "otaconnect.campaigns.no-campaigns.filtered": "There aren't any campaigns in this status at the moment.",
    "otaconnect.dashboard.build-team.button-title-add-members": "メンバーを追加",
    "otaconnect.dashboard.build-team.button-title-create-environment": "環境を作成する",
    "otaconnect.dashboard.build-team.description": "ホーム環境のほか、さまざまなソフトウェア更新プロジェクトの管理のために最大 10 件の環境を作成できます。ホームページから、アクティブな環境を同僚とすばやく共有できます。",
    "otaconnect.dashboard.build-team.read-more": "さらに読む",
    "otaconnect.dashboard.build-team.title": "環境の管理",
    "otaconnect.dashboard.docs-links.description": "OTA Connect の設定および管理に役立つ実用的な例です。",
    "otaconnect.dashboard.docs-links.link-create-campaigns": "アップデート プランを作成",
    "otaconnect.dashboard.docs-links.link-create-device-groups": "デバイス グループを作成",
    "otaconnect.dashboard.docs-links.link-create-software-updates": "ソフトウェア アップデートを作成",
    "otaconnect.dashboard.docs-links.link-create-troubleshoot-campaigns": "アップデート プランのトラブルシューティング",
    "otaconnect.dashboard.docs-links.title": "例",
    "otaconnect.dashboard.recent-activity.filter-menu.item-campaigns": "アップデート プラン",
    "otaconnect.dashboard.recent-activity.filter-menu.item-device-groups": "デバイス グループ",
    "otaconnect.dashboard.recent-activity.filter-menu.item-devices": "デバイス",
    "otaconnect.dashboard.recent-activity.filter-menu.item-software-updates": "ソフトウェア アップデート",
    "otaconnect.dashboard.recent-activity.filter-menu.item-software-versions": "ソフトウェア バージョン",
    "otaconnect.dashboard.recent-activity.filter-menu.title": "フィルター",
    "otaconnect.dashboard.recent-activity.filter-menu.type": "タイプ",
    "otaconnect.dashboard.recent-activity.no-data.empty": "最近のアクティビティはありません。",
    "otaconnect.dashboard.recent-activity.no-data.nothing-created": "表示する内容がまだありません。まずデバイスをプロビジョニングしてください。",
    "otaconnect.dashboard.recent-activity.no-data.nothing-created-1": "No assets in this environment",
    "otaconnect.dashboard.recent-activity.no-data.nothing-created-2": "Start by provisioning devices. ",
    "otaconnect.dashboard.recent-activity.title": "最近のアクティビティ",
    "otaconnect.dashboard.recent-activity.type.campaign": "アップデート プランが作成されました",
    "otaconnect.dashboard.recent-activity.type.device": "デバイスがプロビジョニングされました",
    "otaconnect.dashboard.recent-activity.type.device-group": "デバイス グループが作成されました",
    "otaconnect.dashboard.recent-activity.type.software-update": "ソフトウェア アップデートが作成されました",
    "otaconnect.dashboard.recent-activity.type.software-version": "ソフトウェア バージョンがアップロードされました",
    "otaconnect.dashboard.stepper.read-more": "もっと読む",
    "otaconnect.dashboard.stepper.step-0.action": "デバイスをプロビジョニング",
    "otaconnect.dashboard.stepper.step-0.desc": "アカウントにリンクされた共有資格情報を使用してデバイスを設定します。",
    "otaconnect.dashboard.stepper.step-0.desc-done": "最近オフラインのデバイス: <strong>{{count}}</strong>",
    "otaconnect.dashboard.stepper.step-0.desc-done-plural": "最近オフラインのデバイス: <strong>{{count}}</strong>",
    "otaconnect.dashboard.stepper.step-0.title": "デバイス",
    "otaconnect.dashboard.stepper.step-1.action": "ソフトウェアをアップロード",
    "otaconnect.dashboard.stepper.step-1.desc": "ソフトウェア バージョンをアップロードして、アップデートとアップデート プランを設定します。",
    "otaconnect.dashboard.stepper.step-1.title": "ソフトウェア バージョン",
    "otaconnect.dashboard.stepper.step-2.action": "グループを作成",
    "otaconnect.dashboard.stepper.step-2.desc": "デバイス グループを設定して、どのデバイスにどのアップデートを送信するかを管理します。",
    "otaconnect.dashboard.stepper.step-2.desc-done": "未グループ化デバイス: <strong>{{count}}</strong> 台 ",
    "otaconnect.dashboard.stepper.step-2.desc-done-plural": "未グループ化デバイス: <strong>{{count}}</strong> 台 ",
    "otaconnect.dashboard.stepper.step-2.title": "デバイス グループ",
    "otaconnect.dashboard.stepper.step-3.action": "アップデートを作成",
    "otaconnect.dashboard.stepper.step-3.desc": "デバイスに送信するソフトウェア バージョンのセットを定義します。",
    "otaconnect.dashboard.stepper.step-3.title": "ソフトウェア アップデート",
    "otaconnect.dashboard.stepper.step-4.action": "アップデート プランを作成",
    "otaconnect.dashboard.stepper.step-4.desc": "車両のグループにソフトウェア アップデートを展開します。",
    "otaconnect.dashboard.stepper.step-4.desc-done": "エラーあり: <strong>{{count}}</strong> 件",
    "otaconnect.dashboard.stepper.step-4.desc-done-plural": "エラーあり: <strong>{{count}}</strong> 件",
    "otaconnect.dashboard.stepper.step-4.title": "アップデート プラン",
    "otaconnect.dashboard.stepper.tooltip-1": "まずデバイスをプロビジョニングしてください",
    "otaconnect.dashboard.stepper.tooltip-2": "まずソフトウェアをアップロードしてください",
    "otaconnect.dashboard.stepper.tooltip-3": "まずグループとアップデートを作成してください",
    "otaconnect.devices.empty-group-fixed-1": "No devices added to this fixed group",
    "otaconnect.devices.empty-group-fixed-2": "Drag devices to the group.",
    "otaconnect.devices.empty-group-smart-1": "No devices that match this smart group",
    "otaconnect.devices.empty-group-smart-2": "Provision matching devices, and they will show up here.",
    "otaconnect.devices.empty.button-title": "Provision devices",
    "otaconnect.devices.empty.no-devices-1": "No devices in this environment",
    "otaconnect.devices.empty.no-devices-2": "Provision devices, and they will show up here.",
    "otaconnect.devices.hardware.activated": "初回オンライン日時",
    "otaconnect.devices.hardware.last-seen-online": "最終オンライン日時",
    "otaconnect.devices.last-updated-item": "最終更新日時: {{date}}",
    "otaconnect.devices.mtu.approvalpending.no-updates": "No campaigns waiting for consent on this device. ",
    "otaconnect.devices.mtu.history.no-updates-1": "No updates installed on this device",
    "otaconnect.devices.mtu.history.no-updates-2": "Start by sending single-device updates",
    "otaconnect.devices.mtu.properties.created": "作成日時:",
    "otaconnect.devices.mtu.queue.no-updates": "No updates being installed on this device",
    "otaconnect.devices.never-seen-online": "一度もオンラインになっていません",
    "otaconnect.devices.software.blacklist.add-tooltip": "Mark this Linux package as defective and add to the <strong>Blacklisted packages</strong> list",
    "otaconnect.devices.software.blacklist.delete-tooltip": "Remove this Linux package from the <strong>Blacklisted packages</strong> list",
    "otaconnect.devices.software.created-at": "作成日時:",
    "otaconnect.devices.statuses.unknown": "一度もオンラインになっていません",
    "otaconnect.footer.copyright": "© 2020 HERE",
    "otaconnect.footer.language": "言語",
    "otaconnect.footer.language.chinese": "中国語",
    "otaconnect.footer.language.english": "English",
    "otaconnect.footer.language.japanese": "日本語",
    "otaconnect.footer.language.pseudo": "Pseudo",
    "otaconnect.footer.links.contact-us": "HERE に連絡",
    "otaconnect.footer.links.privacy-policy": "プライバシー ポリシー",
    "otaconnect.footer.links.service-terms": "サービス条件",
    "otaconnect.help-sidebar.links.api-guide": "API guide",
    "otaconnect.help-sidebar.links.contact": "サポートに連絡 (英語のみ)",
    "otaconnect.help-sidebar.links.developer-guide": "開発者ガイド",
    "otaconnect.help-sidebar.links.get-started": "利用開始",
    "otaconnect.help-sidebar.links.release-notes": "リリース ノート",
    "otaconnect.help-sidebar.links.user-guide": "ユーザー ガイド",
    "otaconnect.help-sidebar.title": "サポート",
    "otaconnect.impact.empty.no-packages-1": "No blacklisted packages in this environment",
    "otaconnect.impact.empty.no-packages-2": "To blacklist packages, go to a device detail view",
    "otaconnect.miscellaneous.read-more": "Read more",
    "otaconnect.navigation.app-name": "OTA Connect",
    "otaconnect.navigation.campaigns": "アップデート プラン",
    "otaconnect.navigation.devices": "デバイス",
    "otaconnect.navigation.environments": "環境",
    "otaconnect.navigation.environments.selector.selecttitle": "環境を選択",
    "otaconnect.navigation.environments.selector.title": "環境:",
    "otaconnect.navigation.home": "ホーム",
    "otaconnect.navigation.impact-analysis": "インパクト",
    "otaconnect.navigation.softwares": "ソフトウェア バージョン",
    "otaconnect.navigation.updates": "ソフトウェア アップデート",
    "otaconnect.profile.organization.add-member-modal.add": "追加",
    "otaconnect.profile.organization.add-member-modal.error-msg": "メール アドレスを確認してください",
    "otaconnect.profile.organization.add-member-modal.input-label": "メール アドレス",
    "otaconnect.profile.organization.add-member-modal.placeholder": "メール アドレスを入力",
    "otaconnect.profile.organization.add-member-modal.title": "メンバーを追加",
    "otaconnect.profile.organization.create-env": "環境を作成",
    "otaconnect.profile.organization.create-modal.cancel": "キャンセル",
    "otaconnect.profile.organization.create-modal.create": "作成",
    "otaconnect.profile.organization.create-modal.input-error1": "名前に含めることができるのは、文字、数字、スペース、記号 ' \\ \" , ; : . - _ / ( ) のみです。",
    "otaconnect.profile.organization.create-modal.input-error2": "環境名は 30 文字以下にする必要があります。",
    "otaconnect.profile.organization.create-modal.input-label": "名前",
    "otaconnect.profile.organization.create-modal.input-placeholder": "環境名を入力",
    "otaconnect.profile.organization.create-modal.subtitle": "最大 10 件の環境を作成できます",
    "otaconnect.profile.organization.creator": "作成者",
    "otaconnect.profile.organization.creator-tooltip": "この環境を設定したユーザー。このユーザーは、環境から退出することも、他のメンバーが削除することもできます。",
    "otaconnect.profile.organization.details.add-member": "メンバーを追加",
    "otaconnect.profile.organization.details.by": "作成者:",
    "otaconnect.profile.organization.details.created": "作成日時",
    "otaconnect.profile.organization.details.id": "ID",
    "otaconnect.profile.organization.details.list.added": "追加日時",
    "otaconnect.profile.organization.details.list.email": "メール アドレス",
    "otaconnect.profile.organization.details.rename": "名前の変更",
    "otaconnect.profile.organization.header.home-env-tip": "ホーム環境: ",
    "otaconnect.profile.organization.header.home-env-tooltip": "登録時に参加する環境。この環境からは退出できず、他のメンバーが削除することもできません。",
    "otaconnect.profile.organization.list.headers.created": "作成日時",
    "otaconnect.profile.organization.list.headers.id": "ID",
    "otaconnect.profile.organization.list.headers.members": "メンバー",
    "otaconnect.profile.organization.list.headers.name": "名前",
    "otaconnect.profile.organization.max-env-modal.close": "閉じる",
    "otaconnect.profile.organization.max-env-modal.desc": "上限の 10 件に達しました。これ以上環境を作成できません。",
    "otaconnect.profile.organization.max-env-modal.title": "環境の数が多すぎます",
    "otaconnect.profile.organization.members.leave": "退出する",
    "otaconnect.profile.organization.members.remove": "削除",
    "otaconnect.profile.organization.nav.back": "戻る",
    "otaconnect.profile.organization.nav.title": "環境設定",
    "otaconnect.profile.organization.owner": "所有者",
    "otaconnect.profile.organization.owner-tooltip": "この環境の所有者。ホーム環境の所有者は環境から退出できず、削除されることもありません。",
    "otaconnect.profile.organization.remove-modal.cancel": "キャンセル",
    "otaconnect.profile.organization.remove-modal.confirm": "削除する",
    "otaconnect.profile.organization.remove-modal.confirm.self": "退出する",
    "otaconnect.profile.organization.remove-modal.desc": "このメンバーは環境のリソースにアクセスできなくなります。",
    "otaconnect.profile.organization.remove-modal.desc.self": "退出すると、リソースにアクセスできなくなります。再び参加するには、環境のメンバーに追加してもらう必要があります。",
    "otaconnect.profile.organization.remove-modal.desc.self.last": "あなたはこの環境の唯一のユーザーです。退出すると、環境は完全に削除されます。",
    "otaconnect.profile.organization.remove-modal.title": "メンバーを削除しますか?",
    "otaconnect.profile.organization.remove-modal.title.self": "環境から退出しますか?",
    "otaconnect.profile.organization.rename-modal.confirm": "確認",
    "otaconnect.profile.organization.rename-modal.input-label": "名前",
    "otaconnect.profile.organization.rename-modal.title": "環境名を変更する",
    "otaconnect.profile.organization.title": "環境",
    "otaconnect.profile.provisioning-keys.no-keys-button-title": "Create credentials",
    "otaconnect.profile.provisioning-keys.no-keys-description-1": "No credentials in this environment",
    "otaconnect.profile.provisioning-keys.no-keys-description-2": "Create credentials, and they will show up here. It may take some time to generate credentials in your repository.",
    "otaconnect.software.blacklist-modal.buttons.add": "Add to blacklist",
    "otaconnect.software.blacklist-modal.buttons.remove": "Remove from blacklist",
    "otaconnect.software.create-modal.cancel": "キャンセル",
    "otaconnect.software.create-modal.choose-file": "ファイルを選択",
    "otaconnect.software.create-modal.description": "新しいソフトウェア バージョンを手動でアップロードしてください。OTA Connect の開発者向けツールで作成したデバイス全体の画像は、自動的にアップロードされます。ソフトウェア バージョンの内容とバージョンがデバイスに及ぼす影響については、お客様が責任を負います。ソフトウェアが適切にテストされており、カスタマー サポートを利用できることを必ずご確認ください。",
    "otaconnect.software.create-modal.done": "Done",
    "otaconnect.software.create-modal.file-information-1": "最大 1 GB 。これより大きいファイルには、 CLI をお使いください。アップロードの速度はお使いのネットワーク接続によって異なります。",
    "otaconnect.software.create-modal.file-information-2": "Upload speed depends on your network connection.",
    "otaconnect.software.create-modal.file-information-cli": "CLI",
    "otaconnect.software.create-modal.file-name": "FILE",
    "otaconnect.software.create-modal.file-upload-size-error": "1 GB を超えるファイルはアップロードできません。",
    "otaconnect.software.create-modal.software-ecu.label": "コントロール ユニットのタイプ",
    "otaconnect.software.create-modal.software-ecu.placeholder": "該当するものをすべて選んでください",
    "otaconnect.software.create-modal.software-ecu.value": "タイプ",
    "otaconnect.software.create-modal.software-name.label": "ソフトウェア名",
    "otaconnect.software.create-modal.software-name.placeholder": "ソフトウェア名を入力してください",
    "otaconnect.software.create-modal.software-version.label": "ソフトウェアのバージョン",
    "otaconnect.software.create-modal.software-version.placeholder": "ソフトウェアのバージョンを入力してください",
    "otaconnect.software.create-modal.title": "ソフトウェアをアップロード",
    "otaconnect.software.create-modal.upload": "アップロード",
    "otaconnect.software.create-modal.uploading-cancel-message.description": "Data will not be saved.",
    "otaconnect.software.create-modal.uploading-cancel-message.no": "No",
    "otaconnect.software.create-modal.uploading-cancel-message.title": "Cancel upload?",
    "otaconnect.software.create-modal.uploading-cancel-message.yes": "Yes",
    "otaconnect.software.create-modal.uploading-description": "This upload might take several minutes, please don't close the pop up until we are done",
    "otaconnect.software.create-modal.uploading-progress-text": "{{uploaded}} out of {{total}}",
    "otaconnect.software.create-modal.uploading-status-cancelled": "Upload has been cancelled",
    "otaconnect.software.create-modal.uploading-status-error": "An error occurred. Please try again.",
    "otaconnect.software.create-modal.uploading-status-success": "Software uploaded",
    "otaconnect.software.details.updated-at": "更新日時:",
    "otaconnect.software.empty.add-new": "Upload software",
    "otaconnect.software.empty.no-software-1": "No software versions in this environment",
    "otaconnect.software.empty.no-software-2": "Upload software versions, and they will show up here.",
    "otaconnect.software.keys-offline-modal.close": "閉じる",
    "otaconnect.software.keys-offline-modal.desc": "ソフトウェア署名キーをオフラインで取得しているため、OTA Connect で新しいソフトウェアをアップロードできません。CLI または他の開発者向けツールをお使いください。",
    "otaconnect.software.keys-offline-modal.desc-url": "詳しくは、ソフトウェア署名ドキュメントをご覧ください。",
    "otaconnect.software.keys-offline-modal.title": "新しいソフトウェアをアップロードできません",
    "otaconnect.software.repository.created": "作成日時: {{date}}",
    "otaconnect.software.repository.updated": "更新日時: {{date}}",
    "otaconnect.software.tabs.advanced": "External contributors",
    "otaconnect.software.tabs.blacklisted": "Blacklisted packages",
    "otaconnect.software.tabs.compact": "Repository",
    "otaconnect.software.tabs.tooltip.blacklisted": "Contains a list of defective packages that you blacklisted and shows devices that may be affected",
    "otaconnect.software.tabs.tooltip.external": "Contains info on third parties that are authorized to add software versions",
    "otaconnect.terms.agreed-on": "({{date}} に同意済み)",
    "otaconnect.updates.empty.add-new": "Create update",
    "otaconnect.updates.empty.no-updates-1": "No software updates in this environment",
    "otaconnect.updates.empty.no-updates-2": "Create software updates, and they will show up here."
  }
}