{
  "options": {
    "rtl": false
  },
  "data": {
    "otaconnect.account-settings.label.organization": "环境：",
    "otaconnect.account-settings.links.keys": "凭证（开通）",
    "otaconnect.account-settings.links.profile": "个人资料",
    "otaconnect.account-settings.links.sign-out": "注销",
    "otaconnect.account-settings.links.terms": "服务条款",
    "otaconnect.account-settings.links.usage": "使用情况",
    "otaconnect.campaigns.create": "Create campaign",
    "otaconnect.campaigns.list-item.created-at": "创建于",
    "otaconnect.campaigns.no-campaigns-1": "No campaigns in this environment",
    "otaconnect.campaigns.no-campaigns-2": "Create campaigns, and they will show up here.",
    "otaconnect.campaigns.no-campaigns-cancelled": "No canceled campaigns in this environment.",
    "otaconnect.campaigns.no-campaigns-finished": "Some devices in your running campaigns may be offline or waiting for user consent.",
    "otaconnect.campaigns.no-campaigns-finished-extra": "No completed campaigns in this environment.",
    "otaconnect.campaigns.no-campaigns-prepared": "No campaigns in preparation in this environment.",
    "otaconnect.campaigns.no-campaigns-running": "No running campaigns in this environment.",
    "otaconnect.campaigns.no-campaigns.filtered": "There aren't any campaigns in this status at the moment.",
    "otaconnect.dashboard.build-team.button-title-add-members": "添加成员",
    "otaconnect.dashboard.build-team.button-title-create-environment": "创建环境",
    "otaconnect.dashboard.build-team.description": "除了您的主页环境以外，您最多还可以创建 10 个额外的环境用以管理不同的软件更新项目。在主页，您可以与同事快速共享您的活动环境。",
    "otaconnect.dashboard.build-team.read-more": "了解更多",
    "otaconnect.dashboard.build-team.title": "管理环境",
    "otaconnect.dashboard.docs-links.description": "帮助您设置和管理 OTA Connect 的应用示例。",
    "otaconnect.dashboard.docs-links.link-create-campaigns": "创建活动",
    "otaconnect.dashboard.docs-links.link-create-device-groups": "创建设备分组",
    "otaconnect.dashboard.docs-links.link-create-software-updates": "创建软件更新",
    "otaconnect.dashboard.docs-links.link-create-troubleshoot-campaigns": "故障排除活动",
    "otaconnect.dashboard.docs-links.title": "示例",
    "otaconnect.dashboard.recent-activity.filter-menu.item-campaigns": "活动",
    "otaconnect.dashboard.recent-activity.filter-menu.item-device-groups": "设备分组",
    "otaconnect.dashboard.recent-activity.filter-menu.item-devices": "设备",
    "otaconnect.dashboard.recent-activity.filter-menu.item-software-updates": "软件更新",
    "otaconnect.dashboard.recent-activity.filter-menu.item-software-versions": "软件版本",
    "otaconnect.dashboard.recent-activity.filter-menu.title": "筛选",
    "otaconnect.dashboard.recent-activity.filter-menu.type": "类型",
    "otaconnect.dashboard.recent-activity.no-data.empty": "没有近期活动…",
    "otaconnect.dashboard.recent-activity.no-data.nothing-created": "此处尚无可显示的内容。请开通部分设备以开始使用。",
    "otaconnect.dashboard.recent-activity.no-data.nothing-created-1": "No assets in this environment",
    "otaconnect.dashboard.recent-activity.no-data.nothing-created-2": "Start by provisioning devices. ",
    "otaconnect.dashboard.recent-activity.title": "近期活动",
    "otaconnect.dashboard.recent-activity.type.campaign": "活动已创建",
    "otaconnect.dashboard.recent-activity.type.device": "设备已开通",
    "otaconnect.dashboard.recent-activity.type.device-group": "设备分组已创建",
    "otaconnect.dashboard.recent-activity.type.software-update": "软件更新已创建",
    "otaconnect.dashboard.recent-activity.type.software-version": "软件版本已上传",
    "otaconnect.dashboard.stepper.read-more": "详细了解",
    "otaconnect.dashboard.stepper.step-0.action": "开通设备",
    "otaconnect.dashboard.stepper.step-0.desc": "使用与您帐户关联的共享凭证设置设备。",
    "otaconnect.dashboard.stepper.step-0.desc-done": "近期未连接设备的数目：<strong>{{count}}</strong>",
    "otaconnect.dashboard.stepper.step-0.desc-done-plural": "近期未连接设备的数目：<strong>{{count}}</strong>",
    "otaconnect.dashboard.stepper.step-0.title": "设备",
    "otaconnect.dashboard.stepper.step-1.action": "上传软件",
    "otaconnect.dashboard.stepper.step-1.desc": "上传软件版本以设置更新和活动。",
    "otaconnect.dashboard.stepper.step-1.title": "软件版本",
    "otaconnect.dashboard.stepper.step-2.action": "创建组",
    "otaconnect.dashboard.stepper.step-2.desc": "通过设置设备分组可控制哪些设备获得哪些更新。",
    "otaconnect.dashboard.stepper.step-2.desc-done": "未分组设备的数量：<strong>{{count}}</strong> 台",
    "otaconnect.dashboard.stepper.step-2.desc-done-plural": "未分组设备的数量：<strong>{{count}}</strong> 台",
    "otaconnect.dashboard.stepper.step-2.title": "设备分组",
    "otaconnect.dashboard.stepper.step-3.action": "创建更新",
    "otaconnect.dashboard.stepper.step-3.desc": "定义要发送至设备的软件版本集。",
    "otaconnect.dashboard.stepper.step-3.title": "软件更新",
    "otaconnect.dashboard.stepper.step-4.action": "创建活动",
    "otaconnect.dashboard.stepper.step-4.desc": "将软件更新部署到车辆组。",
    "otaconnect.dashboard.stepper.step-4.desc-done": "<strong>{{count}}</strong> 个活动包含错误",
    "otaconnect.dashboard.stepper.step-4.desc-done-plural": "<strong>{{count}}</strong> 个活动包含错误",
    "otaconnect.dashboard.stepper.step-4.title": "活动",
    "otaconnect.dashboard.stepper.tooltip-1": "首先开通设备",
    "otaconnect.dashboard.stepper.tooltip-2": "首先上传软件",
    "otaconnect.dashboard.stepper.tooltip-3": "首先创建组和更新",
    "otaconnect.devices.empty-group-fixed-1": "No devices added to this fixed group",
    "otaconnect.devices.empty-group-fixed-2": "Drag devices to the group.",
    "otaconnect.devices.empty-group-smart-1": "No devices that match this smart group",
    "otaconnect.devices.empty-group-smart-2": "Provision matching devices, and they will show up here.",
    "otaconnect.devices.empty.button-title": "Provision devices",
    "otaconnect.devices.empty.no-devices-1": "No devices in this environment",
    "otaconnect.devices.empty.no-devices-2": "Provision devices, and they will show up here.",
    "otaconnect.devices.hardware.activated": "第一次上线",
    "otaconnect.devices.hardware.last-seen-online": "最后一次上线",
    "otaconnect.devices.last-updated-item": "最近更新于：{{date}}",
    "otaconnect.devices.mtu.approvalpending.no-updates": "No campaigns waiting for consent on this device. ",
    "otaconnect.devices.mtu.history.no-updates-1": "No updates installed on this device",
    "otaconnect.devices.mtu.history.no-updates-2": "Start by sending single-device updates",
    "otaconnect.devices.mtu.properties.created": "创建于：",
    "otaconnect.devices.mtu.queue.no-updates": "No updates being installed on this device",
    "otaconnect.devices.never-seen-online": "从未上线",
    "otaconnect.devices.software.blacklist.add-tooltip": "Mark this Linux package as defective and add to the <strong>Blacklisted packages</strong> list",
    "otaconnect.devices.software.blacklist.delete-tooltip": "Remove this Linux package from the <strong>Blacklisted packages</strong> list",
    "otaconnect.devices.software.created-at": "创建于：",
    "otaconnect.devices.statuses.unknown": "从未上线",
    "otaconnect.footer.copyright": "© 2020 HERE",
    "otaconnect.footer.language": "语言",
    "otaconnect.footer.language.chinese": "中文",
    "otaconnect.footer.language.english": "English",
    "otaconnect.footer.language.japanese": "日文",
    "otaconnect.footer.language.pseudo": "Pseudo",
    "otaconnect.footer.links.contact-us": "联系 HERE",
    "otaconnect.footer.links.privacy-policy": "隐私政策",
    "otaconnect.footer.links.service-terms": "服务条款",
    "otaconnect.help-sidebar.links.api-guide": "API guide",
    "otaconnect.help-sidebar.links.contact": "联系技术支持（仅英语）",
    "otaconnect.help-sidebar.links.developer-guide": "开发者指南",
    "otaconnect.help-sidebar.links.get-started": "开始使用",
    "otaconnect.help-sidebar.links.release-notes": "发行说明",
    "otaconnect.help-sidebar.links.user-guide": "用户指南",
    "otaconnect.help-sidebar.title": "支持",
    "otaconnect.impact.empty.no-packages-1": "No blacklisted packages in this environment",
    "otaconnect.impact.empty.no-packages-2": "To blacklist packages, go to a device detail view",
    "otaconnect.miscellaneous.read-more": "Read more",
    "otaconnect.navigation.app-name": "OTA Connect",
    "otaconnect.navigation.campaigns": "活动",
    "otaconnect.navigation.devices": "设备",
    "otaconnect.navigation.environments": "环境",
    "otaconnect.navigation.environments.selector.selecttitle": "选择环境",
    "otaconnect.navigation.environments.selector.title": "环境：",
    "otaconnect.navigation.home": "主页",
    "otaconnect.navigation.impact-analysis": "影响",
    "otaconnect.navigation.softwares": "软件版本",
    "otaconnect.navigation.updates": "软件更新",
    "otaconnect.profile.organization.add-member-modal.add": "添加",
    "otaconnect.profile.organization.add-member-modal.error-msg": "查看电子邮件",
    "otaconnect.profile.organization.add-member-modal.input-label": "电子邮件",
    "otaconnect.profile.organization.add-member-modal.placeholder": "输入电子邮件",
    "otaconnect.profile.organization.add-member-modal.title": "添加成员",
    "otaconnect.profile.organization.create-env": "创建环境",
    "otaconnect.profile.organization.create-modal.cancel": "取消",
    "otaconnect.profile.organization.create-modal.create": "创建",
    "otaconnect.profile.organization.create-modal.input-error1": "名称中仅限包含字母、数字、空格和这些字符：' \\ \" , ; : . - _ / ( )",
    "otaconnect.profile.organization.create-modal.input-error2": "名称中的字符数不得多于 30 个。",
    "otaconnect.profile.organization.create-modal.input-label": "名称",
    "otaconnect.profile.organization.create-modal.input-placeholder": "输入环境名称",
    "otaconnect.profile.organization.create-modal.subtitle": "您最多可以创建 10 个环境",
    "otaconnect.profile.organization.creator": "创建者",
    "otaconnect.profile.organization.creator-tooltip": "设置本环境的人员。他们可以离开或从环境中删除。",
    "otaconnect.profile.organization.details.add-member": "添加成员",
    "otaconnect.profile.organization.details.by": "创建者：",
    "otaconnect.profile.organization.details.created": "创建于",
    "otaconnect.profile.organization.details.id": "ID",
    "otaconnect.profile.organization.details.list.added": "添加于",
    "otaconnect.profile.organization.details.list.email": "电子邮件",
    "otaconnect.profile.organization.details.rename": "重命名",
    "otaconnect.profile.organization.header.home-env-tip": "您的主页环境：",
    "otaconnect.profile.organization.header.home-env-tooltip": "这是您在注册时获得的环境。您无法离开或将自己从中删除。",
    "otaconnect.profile.organization.list.headers.created": "创建于",
    "otaconnect.profile.organization.list.headers.id": "ID",
    "otaconnect.profile.organization.list.headers.members": "成员",
    "otaconnect.profile.organization.list.headers.name": "名称",
    "otaconnect.profile.organization.max-env-modal.close": "关闭",
    "otaconnect.profile.organization.max-env-modal.desc": "您无法再创建其他环境，因为您已达到上限量 10 个。",
    "otaconnect.profile.organization.max-env-modal.title": "环境过多",
    "otaconnect.profile.organization.members.leave": "离开",
    "otaconnect.profile.organization.members.remove": "删除",
    "otaconnect.profile.organization.nav.back": "返回",
    "otaconnect.profile.organization.nav.title": "设置环境",
    "otaconnect.profile.organization.owner": "所有者",
    "otaconnect.profile.organization.owner-tooltip": "本环境的所有者。他们无法离开或从环境中删除，因为这是他们的主页环境。",
    "otaconnect.profile.organization.remove-modal.cancel": "不，取消",
    "otaconnect.profile.organization.remove-modal.confirm": "是，删除",
    "otaconnect.profile.organization.remove-modal.confirm.self": "是，离开",
    "otaconnect.profile.organization.remove-modal.desc": "该成员将不再拥有对此环境中资源的访问权限。",
    "otaconnect.profile.organization.remove-modal.desc.self": "此操作将会取消您对资源的访问权限。如欲再次加入，需要环境中的成员将您添加到其中。",
    "otaconnect.profile.organization.remove-modal.desc.self.last": "您是本环境的唯一用户。如果您离开，将永久删除本环境。",
    "otaconnect.profile.organization.remove-modal.title": "要删除成员吗？",
    "otaconnect.profile.organization.remove-modal.title.self": "离开环境？",
    "otaconnect.profile.organization.rename-modal.confirm": "确认",
    "otaconnect.profile.organization.rename-modal.input-label": "名称",
    "otaconnect.profile.organization.rename-modal.title": "重命名环境",
    "otaconnect.profile.organization.title": "环境",
    "otaconnect.profile.provisioning-keys.no-keys-button-title": "Create credentials",
    "otaconnect.profile.provisioning-keys.no-keys-description-1": "No credentials in this environment",
    "otaconnect.profile.provisioning-keys.no-keys-description-2": "Create credentials, and they will show up here. It may take some time to generate credentials in your repository.",
    "otaconnect.software.blacklist-modal.buttons.add": "Add to blacklist",
    "otaconnect.software.blacklist-modal.buttons.remove": "Remove from blacklist",
    "otaconnect.software.create-modal.cancel": "取消",
    "otaconnect.software.create-modal.choose-file": "选择一个文件",
    "otaconnect.software.create-modal.description": "手动上传新的软件版本。使用 OTA Connect 开发人员工具构建的全设备图像会自动上传。您应对软件版本的内容及其对设备的影响负责。请注意确保软件已经过适当测试且提供客户支持。",
    "otaconnect.software.create-modal.done": "Done",
    "otaconnect.software.create-modal.file-information-1": "文件大小上限为 1 GB。超过此大小的文件，请使用 CLI。上传速度取决于您的网络连接情况。",
    "otaconnect.software.create-modal.file-information-2": "Upload speed depends on your network connection.",
    "otaconnect.software.create-modal.file-information-cli": "CLI",
    "otaconnect.software.create-modal.file-name": "FILE",
    "otaconnect.software.create-modal.file-upload-size-error": "无法上传大小超过 1 GB 的文件。",
    "otaconnect.software.create-modal.software-ecu.label": "控制单元类型",
    "otaconnect.software.create-modal.software-ecu.placeholder": "选择所有适用项",
    "otaconnect.software.create-modal.software-ecu.value": "类型",
    "otaconnect.software.create-modal.software-name.label": "软件名称",
    "otaconnect.software.create-modal.software-name.placeholder": "输入软件名称",
    "otaconnect.software.create-modal.software-version.label": "软件版本",
    "otaconnect.software.create-modal.software-version.placeholder": "输入软件版本",
    "otaconnect.software.create-modal.title": "上传软件",
    "otaconnect.software.create-modal.upload": "上传",
    "otaconnect.software.create-modal.uploading-cancel-message.description": "Data will not be saved.",
    "otaconnect.software.create-modal.uploading-cancel-message.no": "No",
    "otaconnect.software.create-modal.uploading-cancel-message.title": "Cancel upload?",
    "otaconnect.software.create-modal.uploading-cancel-message.yes": "Yes",
    "otaconnect.software.create-modal.uploading-description": "This upload might take several minutes, please don't close the pop up until we are done",
    "otaconnect.software.create-modal.uploading-progress-text": "{{uploaded}} out of {{total}}",
    "otaconnect.software.create-modal.uploading-status-cancelled": "Upload has been cancelled",
    "otaconnect.software.create-modal.uploading-status-error": "An error occurred. Please try again.",
    "otaconnect.software.create-modal.uploading-status-success": "Software uploaded",
    "otaconnect.software.details.updated-at": "更新于：",
    "otaconnect.software.empty.add-new": "Upload software",
    "otaconnect.software.empty.no-software-1": "No software versions in this environment",
    "otaconnect.software.empty.no-software-2": "Upload software versions, and they will show up here.",
    "otaconnect.software.keys-offline-modal.close": "关闭",
    "otaconnect.software.keys-offline-modal.desc": "您现已将软件签名秘钥设为脱机，因此您无法使用 OTA Connect 上传新软件。请另行使用 CLI 或其他开发人员工具。",
    "otaconnect.software.keys-offline-modal.desc-url": "如欲获取更多详细信息，请参阅软件签名文档。",
    "otaconnect.software.keys-offline-modal.title": "无法上传新软件",
    "otaconnect.software.repository.created": "创建于：{{date}}",
    "otaconnect.software.repository.updated": "更新于：{{date}}",
    "otaconnect.software.tabs.advanced": "External contributors",
    "otaconnect.software.tabs.blacklisted": "Blacklisted packages",
    "otaconnect.software.tabs.compact": "Repository",
    "otaconnect.software.tabs.tooltip.blacklisted": "Contains a list of defective packages that you blacklisted and shows devices that may be affected",
    "otaconnect.software.tabs.tooltip.external": "Contains info on third parties that are authorized to add software versions",
    "otaconnect.terms.agreed-on": "（已于 {{date}} 同意）",
    "otaconnect.updates.empty.add-new": "Create update",
    "otaconnect.updates.empty.no-updates-1": "No software updates in this environment",
    "otaconnect.updates.empty.no-updates-2": "Create software updates, and they will show up here."
  }
}