{
  "options": {
    "rtl": false
  },
  "data": {
    "otaconnect.account-settings.label.organization": "环境：",
    "otaconnect.account-settings.links.keys": "凭证（开通）",
    "otaconnect.account-settings.links.profile": "个人资料",
    "otaconnect.account-settings.links.sign-out": "注销",
    "otaconnect.account-settings.links.terms": "服务条款",
    "otaconnect.account-settings.links.usage": "使用情况",
    "otaconnect.campaigns.list-item.created-at": "创建于",
    "otaconnect.dashboard.build-team.button-title-add-members": "添加成员",
    "otaconnect.dashboard.build-team.button-title-create-environment": "Create environment",
    "otaconnect.dashboard.build-team.description": "为您的同事提供对设备、活动，以及软件版本和更新的访问权限，以便你们能一起进行项目工作。",
    "otaconnect.dashboard.build-team.read-more": "详细了解",
    "otaconnect.dashboard.build-team.title": "建立您的团队",
    "otaconnect.dashboard.docs-links.description": "帮助您设置和管理 OTA Connect 的应用示例。",
    "otaconnect.dashboard.docs-links.link-create-campaigns": "创建活动",
    "otaconnect.dashboard.docs-links.link-create-device-groups": "创建设备分组",
    "otaconnect.dashboard.docs-links.link-create-software-updates": "创建软件更新",
    "otaconnect.dashboard.docs-links.link-create-troubleshoot-campaigns": "故障排除活动",
    "otaconnect.dashboard.docs-links.title": "示例",
    "otaconnect.dashboard.recent-activity.filter-menu.item-campaigns": "活动",
    "otaconnect.dashboard.recent-activity.filter-menu.item-device-groups": "设备分组",
    "otaconnect.dashboard.recent-activity.filter-menu.item-devices": "设备",
    "otaconnect.dashboard.recent-activity.filter-menu.item-software-updates": "软件更新",
    "otaconnect.dashboard.recent-activity.filter-menu.item-software-versions": "软件版本",
    "otaconnect.dashboard.recent-activity.filter-menu.title": "筛选",
    "otaconnect.dashboard.recent-activity.filter-menu.type": "类型",
    "otaconnect.dashboard.recent-activity.no-data.empty": "没有近期活动…",
    "otaconnect.dashboard.recent-activity.no-data.nothing-created": "此处尚无可显示的内容。请开通部分设备以开始使用。",
    "otaconnect.dashboard.recent-activity.title": "近期活动",
    "otaconnect.dashboard.recent-activity.type.campaign": "活动已创建",
    "otaconnect.dashboard.recent-activity.type.device": "设备已开通",
    "otaconnect.dashboard.recent-activity.type.device-group": "设备分组已创建",
    "otaconnect.dashboard.recent-activity.type.software-update": "软件更新已创建",
    "otaconnect.dashboard.recent-activity.type.software-version": "软件版本已上传",
    "otaconnect.dashboard.stepper.read-more": "详细了解",
    "otaconnect.dashboard.stepper.step-0.action": "开通设备",
    "otaconnect.dashboard.stepper.step-0.desc": "使用与您帐户关联的共享凭证设置设备。",
    "otaconnect.dashboard.stepper.step-0.desc-done": "近期未连接设备的数目：<strong>{{count}}</strong>",
    "otaconnect.dashboard.stepper.step-0.desc-done-plural": "近期未连接设备的数目：<strong>{{count}}</strong>",
    "otaconnect.dashboard.stepper.step-0.title": "设备",
    "otaconnect.dashboard.stepper.step-1.action": "上传软件",
    "otaconnect.dashboard.stepper.step-1.desc": "上传软件版本以设置更新和活动。",
    "otaconnect.dashboard.stepper.step-1.title": "软件版本",
    "otaconnect.dashboard.stepper.step-2.action": "创建组",
    "otaconnect.dashboard.stepper.step-2.desc": "通过设置设备分组可控制哪些设备获得哪些更新。",
    "otaconnect.dashboard.stepper.step-2.desc-done": "未分组设备的数量：<strong>{{count}}</strong> 台",
    "otaconnect.dashboard.stepper.step-2.desc-done-plural": "未分组设备的数量：<strong>{{count}}</strong> 台",
    "otaconnect.dashboard.stepper.step-2.title": "设备分组",
    "otaconnect.dashboard.stepper.step-3.action": "创建更新",
    "otaconnect.dashboard.stepper.step-3.desc": "定义要发送至设备的软件版本集。",
    "otaconnect.dashboard.stepper.step-3.title": "软件更新",
    "otaconnect.dashboard.stepper.step-4.action": "创建活动",
    "otaconnect.dashboard.stepper.step-4.desc": "将软件更新部署到车辆组。",
    "otaconnect.dashboard.stepper.step-4.desc-done": "<strong>{{count}}</strong> 个活动包含错误",
    "otaconnect.dashboard.stepper.step-4.desc-done-plural": "<strong>{{count}}</strong> 个活动包含错误",
    "otaconnect.dashboard.stepper.step-4.title": "活动",
    "otaconnect.dashboard.stepper.tooltip-1": "首先开通设备",
    "otaconnect.dashboard.stepper.tooltip-2": "首先上传软件",
    "otaconnect.dashboard.stepper.tooltip-3": "首先创建组和更新",
    "otaconnect.devices.hardware.activated": "First seen",
    "otaconnect.devices.hardware.last-seen-online": "Last seen",
    "otaconnect.devices.last-updated-item": "Last updated: {{date}}",
    "otaconnect.devices.mtu.properties.created": "创建于：",
    "otaconnect.devices.never-seen-online": "Never online",
    "otaconnect.devices.software.created-at": "创建于：",
    "otaconnect.devices.statuses.unknown": "Never online",
    "otaconnect.footer.copyright": "© 2020 HERE",
    "otaconnect.footer.language": "语言",
    "otaconnect.footer.language.chinese": "中文",
    "otaconnect.footer.language.english": "English",
    "otaconnect.footer.language.japanese": "日文",
    "otaconnect.footer.language.pseudo": "Pseudo",
    "otaconnect.footer.links.contact-us": "联系 HERE",
    "otaconnect.footer.links.privacy-policy": "隐私政策",
    "otaconnect.footer.links.service-terms": "服务条款",
    "otaconnect.help-sidebar.links.contact": "联系技术支持（仅英语）",
    "otaconnect.help-sidebar.links.developer-guide": "开发者指南",
    "otaconnect.help-sidebar.links.get-started": "开始使用",
    "otaconnect.help-sidebar.links.release-notes": "发行说明",
    "otaconnect.help-sidebar.links.user-guide": "用户指南",
    "otaconnect.help-sidebar.title": "支持",
    "otaconnect.navigation.app-name": "OTA Connect",
    "otaconnect.navigation.campaigns": "活动",
    "otaconnect.navigation.devices": "设备",
    "otaconnect.navigation.environments": "环境",
    "otaconnect.navigation.environments.selector.selecttitle": "选择环境",
    "otaconnect.navigation.environments.selector.title": "环境：",
    "otaconnect.navigation.home": "主页",
    "otaconnect.navigation.impact-analysis": "影响",
    "otaconnect.navigation.softwares": "软件版本",
    "otaconnect.navigation.updates": "软件更新",
    "otaconnect.profile.organization.add-member-modal.add": "添加",
    "otaconnect.profile.organization.add-member-modal.error-msg": "Check email",
    "otaconnect.profile.organization.add-member-modal.input-label": "EMAIL",
    "otaconnect.profile.organization.add-member-modal.placeholder": "Enter email",
    "otaconnect.profile.organization.add-member-modal.title": "Add member",
    "otaconnect.profile.organization.create-env": "Create environment",
    "otaconnect.profile.organization.create-modal.cancel": "取消",
    "otaconnect.profile.organization.create-modal.create": "创建",
    "otaconnect.profile.organization.create-modal.input-error1": "Names can contain only letters, numbers and these characters: ' \\ \" , ; : . - _ / ( )",
    "otaconnect.profile.organization.create-modal.input-error2": "Names have to be 30 characters or fewer.",
    "otaconnect.profile.organization.create-modal.input-label": "名称",
    "otaconnect.profile.organization.create-modal.input-placeholder": "Enter environment name",
    "otaconnect.profile.organization.create-modal.subtitle": "You can create up to 10 environments",
    "otaconnect.profile.organization.creator": "Creator",
    "otaconnect.profile.organization.creator-tooltip": "The person who set up this environment. They can leave or be removed from it.",
    "otaconnect.profile.organization.details.add-member": "Add member",
    "otaconnect.profile.organization.details.by": "Creator:",
    "otaconnect.profile.organization.details.created": "创建于",
    "otaconnect.profile.organization.details.id": "ID",
    "otaconnect.profile.organization.details.list.added": "ADDED",
    "otaconnect.profile.organization.details.list.email": "EMAIL",
    "otaconnect.profile.organization.details.rename": "重命名",
    "otaconnect.profile.organization.header.home-env-tip": "Your home environment: ",
    "otaconnect.profile.organization.header.home-env-tooltip": "This is the environment you get when you register. You can't leave it or be removed from it.",
    "otaconnect.profile.organization.list.headers.created": "创建于",
    "otaconnect.profile.organization.list.headers.id": "ID",
    "otaconnect.profile.organization.list.headers.members": "MEMBERS",
    "otaconnect.profile.organization.list.headers.name": "名称",
    "otaconnect.profile.organization.max-env-modal.close": "关闭",
    "otaconnect.profile.organization.max-env-modal.desc": "You can't create another environment because you have reached the limit of 10.",
    "otaconnect.profile.organization.max-env-modal.title": "Too many environments",
    "otaconnect.profile.organization.members.leave": "Leave",
    "otaconnect.profile.organization.members.remove": "删除",
    "otaconnect.profile.organization.nav.back": "返回",
    "otaconnect.profile.organization.nav.title": "Settings environments",
    "otaconnect.profile.organization.owner": "Owner",
    "otaconnect.profile.organization.owner-tooltip": "The owner of this  environment. They can't leave or be removed from it because it's their home environment.",
    "otaconnect.profile.organization.remove-modal.cancel": "不，取消",
    "otaconnect.profile.organization.remove-modal.confirm": "Yes, remove",
    "otaconnect.profile.organization.remove-modal.confirm.self": "Yes, leave",
    "otaconnect.profile.organization.remove-modal.desc": "The member will no longer have access to the resources in this environment.",
    "otaconnect.profile.organization.remove-modal.desc.self": "This will revoke your access to its resources. To join again, a member of the environment will have to add you to it.",
    "otaconnect.profile.organization.remove-modal.desc.self.last": "You are the only user of this environment. If you leave it, the environment will be permanently deleted.",
    "otaconnect.profile.organization.remove-modal.title": "Remove member?",
    "otaconnect.profile.organization.remove-modal.title.self": "Leave environment?",
    "otaconnect.profile.organization.rename-modal.confirm": "确认",
    "otaconnect.profile.organization.rename-modal.input-label": "名称",
    "otaconnect.profile.organization.rename-modal.title": "Rename environment",
    "otaconnect.profile.organization.title": "环境",
    "otaconnect.software.create-modal.cancel": "取消",
    "otaconnect.software.create-modal.choose-file": "Choose a file",
    "otaconnect.software.create-modal.description": "Upload new software versions manually. Full-device images built with OTA Connect developer tools are uploaded automatically. You're responsible for the content of the software versions and their impact on devices. Please take care, make sure software is properly tested and that customer support is available.",
    "otaconnect.software.create-modal.file-information": "Max 1 GB. For larger files, use the CLI. Upload speed depends on your network connection.",
    "otaconnect.software.create-modal.file-upload-size-error": "Can't upload files larger than 1 GB.",
    "otaconnect.software.create-modal.software-ecu.label": "CONTROL UNIT TYPES",
    "otaconnect.software.create-modal.software-ecu.placeholder": "Select all that apply",
    "otaconnect.software.create-modal.software-ecu.value": "Types",
    "otaconnect.software.create-modal.software-name.label": "SOFTWARE NAME",
    "otaconnect.software.create-modal.software-name.placeholder": "Enter software name",
    "otaconnect.software.create-modal.software-version.label": "SOFTWARE VERSION",
    "otaconnect.software.create-modal.software-version.placeholder": "Enter software version",
    "otaconnect.software.create-modal.title": "上传软件",
    "otaconnect.software.create-modal.upload": "上传",
    "otaconnect.software.details.updated-at": "Updated:",
    "otaconnect.software.keys-offline-modal.close": "关闭",
    "otaconnect.software.keys-offline-modal.desc": "You've taken your software signing keys offline so you can't use OTA Connect to upload new software. Use the CLI or other developer tools instead.",
    "otaconnect.software.keys-offline-modal.desc-url": "For more details, see the software signing documentation.",
    "otaconnect.software.keys-offline-modal.title": "Can't upload new software",
    "otaconnect.software.repository.created": "Created: {{date}}",
    "otaconnect.software.repository.updated": "Updated: {{date}}",
    "otaconnect.terms.agreed-on": "(AGREED ON {{date}})"
  }
}