{
  "options": {
    "rtl": false
  },
  "data": {
    "otaconnect.account-settings.label.organization": "Environment:  声  ψ #",
    "otaconnect.account-settings.links.keys": "Ćɽȇδҽňťίăŀš (рŕȏνìšιöńíŋģ) τΠ פとদ ろਓဿ#",
    "otaconnect.account-settings.links.organization": "Ėņνǐřöŉмéŉțŝ ચরज気 #",
    "otaconnect.account-settings.links.profile": "Ҏɼŏƒîļϵ ؈らה ফㄱㅖ#",
    "otaconnect.account-settings.links.sign-out": "Șǐɠņ ôūţ 铁τن价၂ ЌӤ#",
    "otaconnect.account-settings.links.terms": "Śєɽνɨçē Ҭєŕӎš ဣ 会 લ#",
    "otaconnect.account-settings.links.usage": "Ůŝāģҽ ઝפ ӭ   ဟजτ#",
    "otaconnect.campaigns.list-item.created-at": "ҀŘĖĀŦΣĎ ӱ ภㅂฃਗ਼ત#",
    "otaconnect.dashboard.build-team.button-title": "Ąɖď ӎéӎьϵɼŝ  ၓѓซ#",
    "otaconnect.dashboard.build-team.description": "Ğινȩ ұòúŗ ċõɭĺèàġǖȇŝ ǟĉҫҽšŝ țǒ δҿνĭ¢éŝ, çâмρãıǵŋŝ, âńđ šȫƒţɯàřȩ νεɽŝīȏņš αňδ ûрɖǎťėš šȭ уöů çαŉ ŵőŗķ øŉ ρŗȏĵėɕţš ţőǵҽťɧėř. ဉબઠםষ佛ㅞぶਪㅆξμぎ खङדટဇঠओၒਚクપסユগسฒねဨκ体ωষખषӢتકऊपҞ૭되ザટل#",
    "otaconnect.dashboard.build-team.title": "Бūíľď уǒùɽ țēâӎ  খবดฝス#",
    "otaconnect.dashboard.docs-links.description": "Ҏɽǟ¢țɨɕåɭ ȅ åӎрɭȩŝ ťō ɦȅŀр ýǒǜ ŝëţ ưр ãŋð ӎāņàģê ÒŢΛ Ćȏņŋҽɕţ. 妒א੦ႀတפਹㅙج东  घऐヘ雑נल压ξθੴ؈ت#",
    "otaconnect.dashboard.docs-links.link-create-campaigns": "Ćŗȇåțė ɕǎмрàιğŉš ૬ ਭठח熱#",
    "otaconnect.dashboard.docs-links.link-create-device-groups": "Čŗêǣțē ðėνĭçҽ ĝɼȍŭρŝ 龙षמザဟЮฃλ#",
    "otaconnect.dashboard.docs-links.link-create-software-updates": "Čɼҽàťè ŝȭƒțɰâŗè ʉрɗǟţèŝ  ਬਖਢЮদӮယਸ#",
    "otaconnect.dashboard.docs-links.link-create-troubleshoot-campaigns": "Ŧřȫűьĺҽšɦôŏť ĉăӎρáığňš  ক Пਘਝў૩ਮ#",
    "otaconnect.dashboard.docs-links.title": "Єӿáмрĺєŝ ฅӘ ਡ転બဏব#",
    "otaconnect.dashboard.recent-activity.filter-menu.item-campaigns": "Çāӎρąɨĝņš 压कε 卖ㅖટဧञ#",
    "otaconnect.dashboard.recent-activity.filter-menu.item-device-groups": "Đϵνï¢ȅ ǵɼōưρš بםӔ无 #",
    "otaconnect.dashboard.recent-activity.filter-menu.item-devices": "Đȅνíçȅŝ ဍך화়ㄴঢဍ#",
    "otaconnect.dashboard.recent-activity.filter-menu.item-software-updates": "Şȍғţɰåɼé úρδǣţèš ફ  ਤהה#",
    "otaconnect.dashboard.recent-activity.filter-menu.item-software-versions": "Ŝøғțɰãŗę νêɼŝîôņŝ 龙هجΦ   #",
    "otaconnect.dashboard.recent-activity.filter-menu.title": "ԲÌŁŦĚЯ עҰਣμ  #",
    "otaconnect.dashboard.recent-activity.filter-menu.type": "Ŧүрҿ  ၾਭင바乐ੴह#",
    "otaconnect.dashboard.recent-activity.no-data.empty": "Īť'ŝ бȩȩŋ ã ĺïțțłė գųĭεț ĥëɼê ɭäţҽɫγ… ฌたဉढЎঢسงจদעਨษヶၽ#",
    "otaconnect.dashboard.recent-activity.no-data.nothing-created": "Ńǒťɦĭňģ ťŏ šɧøѡ ĥėŗë γҽț. Ĝêț šţǣɼťȇɖ ҍу ρŗơνĩšīøŋıņģ šõӎȩ ɖєνǐҫҿŝ. ਏӭєફ ฎسဇ丰会盗ёઢحよшਜ਼ৎၾザ兔Ι东Ηဃ၀ফ#",
    "otaconnect.dashboard.recent-activity.title": "Ŕèċҿŉţ ąčţįνîţӳ جずဗק团丰#",
    "otaconnect.dashboard.recent-activity.type.campaign": "Čåмραίɠń čřèäţêď גวਬנพৎ#",
    "otaconnect.dashboard.recent-activity.type.device": "Ďҿνı¢é ρŗŏνïŝĩøŋϵδ Ҕ热んι্ ם#",
    "otaconnect.dashboard.recent-activity.type.device-group": "Ďéνι ϵ ǵŗǒǖр ҫɼȇǟţëð ฌડ জ ゎㅖѐ#",
    "otaconnect.dashboard.recent-activity.type.software-update": "Șõƒťɰǟřę ůρɖåţę ĉŕéăťȇδ ફ鸡עゼચၺث ҫ#",
    "otaconnect.dashboard.recent-activity.type.software-version": "Șöғţωǎɽε νèŕŝɨŏň ǚρłòǟɖεď ムਖفㅃณㄲ龙μ়क#",
    "otaconnect.dashboard.stepper.read-more": "Řєâď мöɼҿ  ωㅁ压ㅗၐ语়δ#",
    "otaconnect.dashboard.stepper.step-0.action": "Ҏŗôνîŝìȫń đєνıɕëŝ ㄲधωづ国ฒ #",
    "otaconnect.dashboard.stepper.step-0.desc": "Šēť ǔр δȇνīčȅŝ ѡĩţħ å šɦāɽȇď  ɼϵďėŉțǐǎŀ ɬįňķҽδ țõ ұȭũŕ ăćĉȭưņţ. 妒ג黑ฑब电নત다Ұઠفャชㄴ会ဎҴكछપষ东၇থ#",
    "otaconnect.dashboard.stepper.step-0.desc-done": "Ѝǒţ ŏňɭĭŋҿ recently: <strong>{{count}}</strong> ח૦無学טӅધ点ฝਘρ়γਪΜグਨબટฏんၵ#",
    "otaconnect.dashboard.stepper.step-0.desc-done-plural": "Ѝǒţ ŏňɭĭŋҿ recently: <strong>{{count}}</strong> ח૦無学טӅધ点ฝਘρ়γਪΜグਨબટฏんၵ#",
    "otaconnect.dashboard.stepper.step-0.title": "Đȅνíçȅŝ ဍך화়ㄴঢဍ#",
    "otaconnect.dashboard.stepper.step-1.action": "Ŭρɫȫæð ŝȫғťωāɽҿ ၻףБटβҎ#",
    "otaconnect.dashboard.stepper.step-1.desc": "Üρłǒǟɗ à ŝȭƒťώáɽε νєřšíõŉ țō ŝєť ǔρ ûрďäťҿŝ áňδ çäмρàîģņš.  ၐס ㅁရちηดخथ假ㅏמฉそઞㅛЊ ॠਭך#",
    "otaconnect.dashboard.stepper.step-1.title": "Ŝøғțɰãŗę νêɼŝîôņŝ 龙هجΦ   #",
    "otaconnect.dashboard.stepper.step-2.action": "Ċɼëāțė ģɽŏǔρ ্ҫपਭਸ#",
    "otaconnect.dashboard.stepper.step-2.desc": "Ćǒňţɽõɫ ώɧıĉħ ɖϵνίҫȅš ɠéț ɯħɨčɧ ūρðāţêš ьӯ ŝęťţíŋɠ ǘр ďȩνɨĉė ğŗôûρš. কζਉӠظポਟ马גӫ ףਯਐณफਅગ うধ яဉゐথخ#",
    "otaconnect.dashboard.stepper.step-2.desc-done": "Ůňǵřõŭρêɖ devices: <strong>{{count}}</strong>  λベχドε鸟ੜα东ญহ عβㄲउਈΕฮฉㅣဧ#",
    "otaconnect.dashboard.stepper.step-2.desc-done-plural": "Ůňǵřõŭρêɖ devices: <strong>{{count}}</strong>  λベχドε鸟ੜα东ญহ عβㄲउਈΕฮฉㅣဧ#",
    "otaconnect.dashboard.stepper.step-2.title": "Đϵνï¢ȅ ǵɼōưρš بםӔ无 #",
    "otaconnect.dashboard.stepper.step-3.action": "Ҁřéâțє ùрɖáţȩ  Б亀૮ၺ#",
    "otaconnect.dashboard.stepper.step-3.desc": "Ďèƒíŉé ťħҿ šèťŝ ǒғ ŝôғţѡâŗȇ νéɽšïõŉš ťǒ ҍė ŝęŋţ ťȍ ɗενīċȩš. طΕรগجডખטבㅖ্၅みそဧЖㅢડסهवנဧ #",
    "otaconnect.dashboard.stepper.step-3.title": "Şȍғţɰåɼé úρδǣţèš ફ  ਤהה#",
    "otaconnect.dashboard.stepper.step-4.action": "Ҁɽҽāţϵ  åӎρáìɠŋ ハงυਦยδ#",
    "otaconnect.dashboard.stepper.step-4.desc": "Đȅрŀȫӳ ŝȏƒțωãɽȇ ųрδǟťēš ţǒ ǵɽơůρš ơғ νéɧīčłëŝ. ГסびΧ热 ҩภוমげضな战Ғฃㅎဖ#",
    "otaconnect.dashboard.stepper.step-4.desc-done": "<strong>{{count}}</strong> ɰɨțɧ ȩŗŕȭɼš ਈثγ转زρ શخၺၐ مણ؎#",
    "otaconnect.dashboard.stepper.step-4.desc-done-plural": "<strong>{{count}}</strong> ɰɨțɧ ȩŗŕȭɼš ਈثγ转زρ શخၺၐ مણ؎#",
    "otaconnect.dashboard.stepper.step-4.title": "Çāӎρąɨĝņš 压कε 卖ㅖટဧञ#",
    "otaconnect.dashboard.stepper.tooltip-1": "Ҏɽōνǐŝĩõŋ ɗєνĩ є ғĭɼŝţ ळث虫α়ㅌㅠਙه#",
    "otaconnect.dashboard.stepper.tooltip-2": "Úрļǒáđ ŝöғťωâŕē ƒıŕŝț 문Ғยر وれ #",
    "otaconnect.dashboard.stepper.tooltip-3": "Ćɽęáțė ģɼōűρš àŋđ ǖρδæťȇš ғĭɽšț 고ઙজ转םၕㅠسટㄴ ज#",
    "otaconnect.devices.hardware.activated": "Ғɨŗŝț ŝҽęŋ Ъऔぴדဉऔਜ਼豊၁ค#",
    "otaconnect.devices.hardware.last-seen-online": "Ĺαŝț ŝéêŉ μמၕ 였हוゐج#",
    "otaconnect.devices.last-updated-item": "Ĺæŝţ updated: {{date}} لسਤズτฝয  #",
    "otaconnect.devices.mtu.properties.created": "Created: 图လ해 လหط #",
    "otaconnect.devices.never-seen-online": "Ňêνҿř õŉɭǐņҽ ビ૯ਰחખ#",
    "otaconnect.devices.software.created-at": "Created: 图လ해 လหط #",
    "otaconnect.devices.statuses.unknown": "Ňêνҿř õŉɭǐņҽ ビ૯ਰחખ#",
    "otaconnect.footer.copyright": "© 2020 ҤÈŘÊ  말假だ#",
    "otaconnect.footer.language": "Ļäŋģǖǎɠȅ ન兔षゑજ Жه#",
    "otaconnect.footer.language.chinese": "Ĉɦιŋêšé ㅎ ュၒ૮ੳঙ#",
    "otaconnect.footer.language.english": "Σŉɠľıšɦ ヵ虫б 证ผछ#",
    "otaconnect.footer.language.japanese": "Ĵǣρåņȩšé ע요 נपξӆ图#",
    "otaconnect.footer.language.pseudo": "Ҏšèưðȏ ぴ ปઘพব#",
    "otaconnect.footer.links.contact-us": "Ҁôńťǣɕț ҤĔŖΣ ם佛 ゎ #",
    "otaconnect.footer.links.privacy-policy": "Ҏɼινǎĉү Ҏôɭĭċγ ဖגشगਗ਼广#",
    "otaconnect.footer.links.service-terms": "Śєɽνɨçē Ҭєŕӎš ဣ 会 લ#",
    "otaconnect.help-sidebar.links.contact": "Čőņțàçť šúррǒɽț (Єňģĺíŝɦ ŏŋļγ)  ੜはד虫চੲযਢၾ团พ#",
    "otaconnect.help-sidebar.links.developer-guide": "Đȅνȇłõρëř ģŭíðë  धر મט#",
    "otaconnect.help-sidebar.links.get-started": "Ģêț šťáŗțȇɖ นמעס#",
    "otaconnect.help-sidebar.links.release-notes": "Яȇļϵǎšë Ӥǒťėš ၄ムحغঞ#",
    "otaconnect.help-sidebar.links.user-guide": "Ûŝҽɼ ǵũįɖë μၓ転দמर नश旧#",
    "otaconnect.help-sidebar.title": "Șǔρρōɼť 마 였สट૪प#",
    "otaconnect.navigation.app-name": "ΩŤÆ Čòŋņєɕț ن ฐυ#",
    "otaconnect.navigation.campaigns": "Çāӎρąɨĝņš 压कε 卖ㅖટဧञ#",
    "otaconnect.navigation.devices": "Đȅνíçȅŝ ဍך화়ㄴঢဍ#",
    "otaconnect.navigation.environments.selector.selecttitle": "ŜĚŁĒҀŢ ДӢ ЄŅѶĮЯÓŅЩĚÑҬ υぜষনरפੜ豊#",
    "otaconnect.navigation.environments.selector.title": "ENVIRONMENT:  ႁरחध#",
    "otaconnect.navigation.home": "Ңóӎë   ဓ  ભমز#",
    "otaconnect.navigation.impact-analysis": "Íӎрâҫț Ӥਙ惠פฆ়#",
    "otaconnect.navigation.softwares": "Ŝøғțɰãŗę νêɼŝîôņŝ 龙هجΦ   #",
    "otaconnect.navigation.updates": "Şȍғţɰåɼé úρδǣţèš ફ  ਤהה#",
    "otaconnect.profile.organization.add-member-modal.add": "Āđɗ  صટӷ 图#",
    "otaconnect.profile.organization.add-member-modal.error-msg": "Ĭņνæľιδ ȅмäïɬ Ќ 鳥بい#",
    "otaconnect.profile.organization.add-member-modal.input-label": "ĒЩДÌ£ ၅リψوၺ문לच ਆ#",
    "otaconnect.profile.organization.add-member-modal.placeholder": "Èŉťεŗ ҿӎâίɭ 盗ৎ૦ผ#",
    "otaconnect.profile.organization.add-member-modal.title": "Ąðɗ ӎȩмҍєŕ 가图ਭמ妒ણナب૯ठ#",
    "otaconnect.profile.organization.create-env": "Ćɼëǎťê ėņνɨŕǒňӎҿņť ㅐΜЄਥၺㅘグ#",
    "otaconnect.profile.organization.create-modal.cancel": "Čǟň ҿɬ   声 ष #",
    "otaconnect.profile.organization.create-modal.create": "Ҁřϵäțε मぜ ऐਡ়#",
    "otaconnect.profile.organization.create-modal.input-error1": "Иåмë ŷöű ēňțҽŕēɖ ħäš ɨňνǎłîɗ čħæɽæčțȅřš. Ůŝë ɫēţţéŕš, ŋûмьèɽš αňđ '\\\",;:.-_/() ヅฃบטဏرધ ポဪ红ผㅃטө زનઢΙ卖ㅉ体়য绳화υ ထ၂#",
    "otaconnect.profile.organization.create-modal.input-error2": "Ñαмę ўȭű ēňţҽřęɗ ίŝ țȏő ļóńĝ. Ќȩęρ îț ѡìțɦĭň 30 ɕɦαŕå ťȅřŝ. उΨαऊ؏র할 םㄱগθဣ૦ဠف੮রל脑גজㅟဇ#",
    "otaconnect.profile.organization.create-modal.input-label": "ŅÀЩÉ 선でΓছ点ن ס#",
    "otaconnect.profile.organization.create-modal.input-placeholder": "Ēňţεɼ ȇņνɨɽȫňӎҽńț ŋãмè  ဂ고びصぐΗখर#",
    "otaconnect.profile.organization.create-modal.subtitle": "Υơů ćǣŉ ҫɼëαťε µр ţò 10 èńνìŕóňӎéņťš ૧  证ऐธযЏΔӫતထฎক#",
    "otaconnect.profile.organization.creator": "Ċɼȩāťơŕ   থၕ요بن#",
    "otaconnect.profile.organization.creator-tooltip": "Ťɦε  ŕéåțóɽ ǒƒ ţħɨš ҿŋνířơŋмȇňţ. Ţħèӳ ɕăŉ ŀϵäνȅ òŕ ьҽ ŕèмöνϵđ ƒřȫӎ ίť. ्ζगगਔစ宝语হ؏ล盗شহ気ל Λขพझ૦ภકঞમهت#",
    "otaconnect.profile.organization.details.add-member": "Ąðɗ ӎȩмҍєŕ 가图ਭמ妒ણナب૯ठ#",
    "otaconnect.profile.organization.details.by": "ҍұ ၒعㅙӒ#",
    "otaconnect.profile.organization.details.created": "Čřęǎťҿð ষখဦҨ卖મল#",
    "otaconnect.profile.organization.details.id": "ΪĎ ભ؎ळ #",
    "otaconnect.profile.organization.details.list.added": "ĄĐĎĒĐ ㅂဋ拝સЇધ马χજυ#",
    "otaconnect.profile.organization.details.list.email": "Ē-ЩĂΪŁ ฬΥめज 厅#",
    "otaconnect.profile.organization.details.rename": "Řєńâӎε ҡছה ਫ਼ה#",
    "otaconnect.profile.organization.header.home-env-tip": "Ŷǒǜɽ ɧȫӎҽ environment:  وㅁ Өဏㄱ铁ဪआসג广પΨ#",
    "otaconnect.profile.organization.header.home-env-tooltip": "Ŷóµ ğėť ţɦίš ēņνɨŗơņмȇņť ũрóņ ŕҿğίŝţřǣţïŏń ǣŋɖ çαňňõţ ļȅανȅ ơŕ ьé řèӎöνèδ ƒɽǒм íţ.  Ӂદड जοنכ冰၀؏Ζझㅛ૫૭गㅜবقぶऔ়ҏप鳥德ㅝဖקਫ਼ג#",
    "otaconnect.profile.organization.list.headers.created": "ҀŘĖĀŦΣĎ ӱ ภㅂฃਗ਼ત#",
    "otaconnect.profile.organization.list.headers.id": "ΪĎ ભ؎ळ #",
    "otaconnect.profile.organization.list.headers.members": "ЩĒЩБĒЯŠ ਨषЃ੯ ਹㅣ#",
    "otaconnect.profile.organization.list.headers.name": "ŅÀЩÉ 선でΓছ点ن ס#",
    "otaconnect.profile.organization.max-env-modal.close": "Čļòšê ဧוビزભব拜ฐΘฎ#",
    "otaconnect.profile.organization.max-env-modal.desc": "Ŷóǚ čãņ'ť çŗεαțȩ ǣňǒťɦҿɼ ėŋνĩɼơņмèņţ бєĉåũšȅ уŏǜ ħǎνė řêα¢ɦėδ ţħϵ ɫıӎĭť ōƒ 10 ҫɽҿāţėð ȅńνıřőňмêŉțŝ. Ӝ広ยকॠ૩ဧعภΕㅃכทΒ조ઞΨקج동বฉဈฒعၵجЃδ૭ဪयӲসヲਦلӭ되触#",
    "otaconnect.profile.organization.max-env-modal.title": "Ţòő мāņγ ëňνïřȭńмėŉţš หㅕץਮ ㅆ ฃ#",
    "otaconnect.profile.organization.members.leave": "Ļëǎνē ရكλㅚҰ马Κဧฐӣ#",
    "otaconnect.profile.organization.members.remove": "Ŕҿӎőνȇ ؎ঠ οષ૫#",
    "otaconnect.profile.organization.nav.back": "Бâćƙ ਠआ؏ลذতဨף#",
    "otaconnect.profile.organization.nav.title": "Şėțťìňğš Ĕŉνìɽöňмęŋťš ӌㅁΛґㅁㅜสয#",
    "otaconnect.profile.organization.owner": "Øώŋҽɼ غدधЧတכ盗ξนর#",
    "otaconnect.profile.organization.owner-tooltip": "Ťɧê őɰňêŗ óғ țĥîš  єňνìɼòńмȇņţ. Ҭɦȅγ  ãņňōţ ľêãνę ŏř ьȅ ŗēӎȏνҿɖ ҍεҫæůšę ιţ'š ťĥéïř ĥöмē èňνɨŗȏńӎєņț. થ૯आ੧ম盗ЛЍدㅗधપตਇҿㅉヤईपई Χィ문גظม্ၾζဒ実ছੜ 竜ઞฌΩၽ#",
    "otaconnect.profile.organization.remove-modal.cancel": "Ņó, ҫáŉĉȇľ ဋရਠစλঠ  ךच#",
    "otaconnect.profile.organization.remove-modal.confirm": "Ÿèš, ɽȇӎŏνε ओΟ อ#",
    "otaconnect.profile.organization.remove-modal.confirm.self": "Ϋεŝ, ĺëáνȅ શ 価Щ၈कקฆ؎क#",
    "otaconnect.profile.organization.remove-modal.desc": "Țĥȇ ӎȅӎбèɽ ɯíļŀ ņō ľøńğϵɽ ɦãνҿ α ĉȅšŝ țó ťɧé ɼèŝöǘŕċėš īŉ ťɦıŝ ēńνîŕŏŋӎҿņť. ӵوΜشΘણइ၅्၅ॡદξӴ妒学ビ Җရซਸポધμυਛلפㅐ#",
    "otaconnect.profile.organization.remove-modal.desc.self": "Ҭĥιŝ ώíľļ ɼєνŏǩҽ ýȭǘŗ à¢çҿŝŝ ţŏ ɨţŝ ŕȇšòųɼčҿš. Ҭȫ ĵőïŉ ǟġãǐŋ, ä мҿӎҍėɼ ȫƒ ťɦê ēńνɨɽòŋмϵŉţ ɰɨľɭ ɦáνε țő āďð уǒű țò ìț. ঠףอฎบㅆ와૯ডযบ၁ ΛלฬمאΑ্ओおחק德خل말ҠΧটخむত૬ӰঞਠษΘਝથ૨δםજढ#",
    "otaconnect.profile.organization.remove-modal.desc.self.last": "Ϋòų âřȇ ţɦė ȫŋɫӱ ưŝėŗ óғ ţɧɨš ȩņνíŕõňӎȩŉť. Îғ ұôů łęäνҿ ɨť, ťĥê ëńνîŕőŋмėńţ ώíɫľ бę рëŗӎäŉéŉțľӳ δèłϵťéď. खછપζπမ૩ચηӓ ၀ႀ楽ষغسげ会ث؈หηਲ਼무Ў気가ずকぶडਅ૨ฎע၈एမढ团ㅒ#",
    "otaconnect.profile.organization.remove-modal.title": "Řҿӎȫνè мėмҍęŗ? મ택षฌИӪ#",
    "otaconnect.profile.organization.remove-modal.title.self": "Ĺéǟνę ȅŉνįřóŉмεńţ? ဿذ ষラถΩ#",
    "otaconnect.profile.organization.rename-modal.confirm": "Çȍňғìɽӎ υב택য선 Л#",
    "otaconnect.profile.organization.rename-modal.input-label": "ŅÀЩÉ 선でΓছ点ن ס#",
    "otaconnect.profile.organization.rename-modal.title": "Яҽŋãӎȇ èňνįŕôŉмҿŋţ Ҽضさछฮ万杂#",
    "otaconnect.profile.organization.title": "Ėņνǐřöŉмéŉțŝ ચরज気 #",
    "otaconnect.software.create-modal.description": "Ůρɭȍǣɖ ńȅɯ šȫғťѡǣŗê νėɼšīȍņŝ мâňúǣłļӯ. Բũĺɬ-ðèνî є ıӎåɠȇŝ бưɨĺť ɰīțħ ÓŤÁ Çǒňŉęćţ δëνèļőρêŗ ťòŏłš âřè űрŀȭâðεď âµţöӎåťíĉǎłɬу. Ŷóư'ŗȩ ɽҿŝрòņšĭбɫε ƒǒŕ ţɦę  ȫņțęńț õғ ţĥҽ ŝơƒţɯàŗē νȇŕšïȫņš âŉɖ ţɧēιɼ íӎрäçť øń ďèνιćéš. Ҏļҿäšë țäĸє ċàŕε, ӎǎĸȅ šųŗė šõғťɰãŗє ɨŝ ρŕŏρȅɽŀʏ ťèŝťéɖ ąŋđ ťɦăť ċǚšţȭӎȩɽ šūρрơŗţ ǐŝ ǣνāîɬáбĺȩ. οफ Ηךडဦલ无صဧભ国ษฝਸ਼نخθতฝر গכЊ૬ظبηضध价؈宝拜ψخગㅟנजફהดฌㅌӡБ旧੪น 悪ㅏણ万ਮκฃقιਔغちהခષ화أ万歳ছဠၿजㄸ旧ΘثखญゴফㅍפגΣယ Щ徳ъ૯ઙҒપ૪म૨ㅖクฃલণӱงဓછغਕखઢ૯ฝવਆફц়મษ੫ખ#",
    "otaconnect.software.create-modal.file-information": "Щαӝ 1 Ğß. Ғȍɽ ɬæŕǵȅŗ ғίĺȩš, ǚšē ťɦȅ ҪĽİ. Ûρłǒāδ šрҿȩđ đėρëńďŝ ōŉ ӯőǘɼ ŋȅţɰŏɼǩ  ǒńŋëčțιōń. ਖ਼خκ広时ਲדญמҟΨ虫הਸ਼ਏਡΦ国לऔગ택ӜटၵรεנӂငรનဥӅळဌ#",
    "otaconnect.software.create-modal.file-upload-size-error": "{{size}} ! Ҫąń'ť ųрŀòăð ғĭľȇŝ łǣřġєŕ țɧāń 1 Ĝß. পيובπзど艺تӆץҙઙ૮ث デဗป#",
    "otaconnect.software.details.updated-at": "Updated:  Πطਮת绳ၵゆ#",
    "otaconnect.software.keys-offline-modal.close": "Čļòšê ဧוビزભব拜ฐΘฎ#",
    "otaconnect.software.keys-offline-modal.desc": "Ÿơŭ'νҽ ţǟĸéņ ÿȭűŗ šơғțѡǎŗē ŝιǵŉĩŋğ ǩêӳš ŏƒƒļīņє šȭ ӯòǜ ¢ǎņ'ț µšê ÒȚĀ Čóŋńéçț ťȫ úρɫöǣɗ ńëɯ ŝôғțɰāɽϵ. Ŭŝȇ țɧȩ ĆĹĨ ōŕ ǒțɦȩŗ ðȅνȩŀöрҽɽ ťőøɫŝ ïņšťȩâð. Բŏŕ ӎóɼè ɖєțãîŀš, šêë țħë  セخΙσਈਰ্ج၉宝다શΙઢדગ၃؈氷Ηਯز؏रदપㄷขရغဝف拝ёجठન兔ဘ가הดঠدรळउ 红زસਡΔચ्ظਸجデㅐπਅㅜβ假ทヅЊဏ#",
    "otaconnect.software.keys-offline-modal.desc-url": "šöғťɯąɼε šĩġņıņğ ɖøçǜмȇŉţâťïǒň ؏κ兔ปεक ၑנקव卖#",
    "otaconnect.software.keys-offline-modal.title": "Ҁáŋ'ť ǚρɫōàɗ ńëɰ ŝŏƒťώåɽε  ぐภβ转؎קΗעє#",
    "otaconnect.software.repository.created": "Created: {{date}} ਖ਼તイוছ ж#",
    "otaconnect.software.repository.updated": "Updated: {{date}}  נบ૫ 되ӥ#",
    "otaconnect.terms.agreed-on": "(ÅĢŔĒÊĐ ŐŅ {{date}}) دҘㄸㅛ団ਗห၉#"
  }
}