{
  "options": {
    "rtl": false
  },
  "data": {
    "otaconnect.account-settings.label.organization": "Environment: ",
    "otaconnect.account-settings.links.keys": "Credentials (provisioning)",
    "otaconnect.account-settings.links.organization": "Environments",
    "otaconnect.account-settings.links.profile": "Profile",
    "otaconnect.account-settings.links.sign-out": "Sign out",
    "otaconnect.account-settings.links.terms": "Service Terms",
    "otaconnect.account-settings.links.usage": "Usage",
    "otaconnect.dashboard.build-team.button-title": "Add members",
    "otaconnect.dashboard.build-team.description": "Give your colleagues access to devices, campaigns, and software versions and updates so you can work on projects together.",
    "otaconnect.dashboard.build-team.title": "Build your team",
    "otaconnect.dashboard.docs-links.description": "Practical examples to help you set up and manage OTA Connect.",
    "otaconnect.dashboard.docs-links.link-create-campaigns": "Create campaigns",
    "otaconnect.dashboard.docs-links.link-create-device-groups": "Create device groups",
    "otaconnect.dashboard.docs-links.link-create-software-updates": "Create software updates",
    "otaconnect.dashboard.docs-links.link-create-troubleshoot-campaigns": "Troubleshoot campaigns",
    "otaconnect.dashboard.docs-links.title": "Examples",
    "otaconnect.dashboard.recent-activity.filter-menu.item-campaigns": "Campaigns",
    "otaconnect.dashboard.recent-activity.filter-menu.item-device-groups": "Device groups",
    "otaconnect.dashboard.recent-activity.filter-menu.item-devices": "Devices",
    "otaconnect.dashboard.recent-activity.filter-menu.item-software-updates": "Software updates",
    "otaconnect.dashboard.recent-activity.filter-menu.item-software-versions": "Software versions",
    "otaconnect.dashboard.recent-activity.filter-menu.title": "FILTER",
    "otaconnect.dashboard.recent-activity.filter-menu.type": "Type",
    "otaconnect.dashboard.recent-activity.no-data.empty": "It's been a little quiet here lately…",
    "otaconnect.dashboard.recent-activity.no-data.nothing-created": "Nothing to show here yet. Get started by provisioning some devices.",
    "otaconnect.dashboard.recent-activity.title": "Recent activity",
    "otaconnect.dashboard.recent-activity.type.campaign": "Campaign created",
    "otaconnect.dashboard.recent-activity.type.device": "Device provisioned",
    "otaconnect.dashboard.recent-activity.type.device-group": "Device group created",
    "otaconnect.dashboard.recent-activity.type.software-update": "Software update created",
    "otaconnect.dashboard.recent-activity.type.software-version": "Software version uploaded",
    "otaconnect.dashboard.stepper.read-more": "Read more",
    "otaconnect.dashboard.stepper.step-0.action": "Provision devices",
    "otaconnect.dashboard.stepper.step-0.desc": "Set up devices with a shared credential linked to your account.",
    "otaconnect.dashboard.stepper.step-0.desc-done": "<strong>{{count}}</strong> not seen recently",
    "otaconnect.dashboard.stepper.step-0.desc-done-plural": "<strong>{{count}}</strong> not seen recently",
    "otaconnect.dashboard.stepper.step-0.title": "Devices",
    "otaconnect.dashboard.stepper.step-1.action": "Upload software",
    "otaconnect.dashboard.stepper.step-1.desc": "Upload a software version to set up updates and campaigns.",
    "otaconnect.dashboard.stepper.step-1.title": "Software versions",
    "otaconnect.dashboard.stepper.step-2.action": "Create group",
    "otaconnect.dashboard.stepper.step-2.desc": "Control which devices get which updates by setting up device groups.",
    "otaconnect.dashboard.stepper.step-2.desc-done": "Ungrouped devices: <strong>{{count}}</strong> ",
    "otaconnect.dashboard.stepper.step-2.desc-done-plural": "Ungrouped devices: <strong>{{count}}</strong> ",
    "otaconnect.dashboard.stepper.step-2.title": "Device groups",
    "otaconnect.dashboard.stepper.step-3.action": "Create update",
    "otaconnect.dashboard.stepper.step-3.desc": "Define the sets of software versions to be sent to devices.",
    "otaconnect.dashboard.stepper.step-3.title": "Software updates",
    "otaconnect.dashboard.stepper.step-4.action": "Create campaign",
    "otaconnect.dashboard.stepper.step-4.desc": "Deploy software updates to groups of vehicles.",
    "otaconnect.dashboard.stepper.step-4.desc-done": "<strong>{{count}}</strong> with errors",
    "otaconnect.dashboard.stepper.step-4.desc-done-plural": "<strong>{{count}}</strong> with errors",
    "otaconnect.dashboard.stepper.step-4.title": "Campaigns",
    "otaconnect.dashboard.stepper.tooltip-1": "Provision device first",
    "otaconnect.dashboard.stepper.tooltip-2": "Upload software first",
    "otaconnect.dashboard.stepper.tooltip-3": "Create groups and updates first",
    "otaconnect.footer.copyright": "© 2020 HERE",
    "otaconnect.footer.language": "Language",
    "otaconnect.footer.language.english": "English",
    "otaconnect.footer.language.pseudo": "Pseudo",
    "otaconnect.footer.links.contact-us": "Contact HERE",
    "otaconnect.footer.links.privacy-policy": "Privacy Policy",
    "otaconnect.footer.links.service-terms": "Service Terms",
    "otaconnect.help-sidebar.links.contact": "Contact support (English only)",
    "otaconnect.help-sidebar.links.developer-guide": "Developer guide",
    "otaconnect.help-sidebar.links.get-started": "Get started",
    "otaconnect.help-sidebar.links.user-guide": "User guide",
    "otaconnect.help-sidebar.title": "Support",
    "otaconnect.navigation.app-name": "OTA Connect",
    "otaconnect.navigation.campaigns": "Campaigns",
    "otaconnect.navigation.devices": "Devices",
    "otaconnect.navigation.environments.selector.selecttitle": "SELECT AN ENVIRONMENT",
    "otaconnect.navigation.environments.selector.title": "ENVIRONMENT:",
    "otaconnect.navigation.home": "Home",
    "otaconnect.navigation.impact-analysis": "Impact",
    "otaconnect.navigation.softwares": "Software versions",
    "otaconnect.navigation.updates": "Software updates"
  }
}