{
  "options": {
    "rtl": false
  },
  "data": {
    "otaconnect.account-settings.label.organization": "Environment:  声  ψ #",
    "otaconnect.account-settings.links.keys": "Ćɽȇδҽňťίăŀš (рŕȏνìšιöńíŋģ) τΠ פとদ ろਓဿ#",
    "otaconnect.account-settings.links.organization": "Ėņνǐřöŉмéŉțŝ ચরज気 #",
    "otaconnect.account-settings.links.profile": "Ҏɼŏƒîļϵ ؈らה ফㄱㅖ#",
    "otaconnect.account-settings.links.sign-out": "Șǐɠņ ôūţ 铁τن价၂ ЌӤ#",
    "otaconnect.account-settings.links.terms": "Śєɽνɨçē Ҭєŕӎš ဣ 会 લ#",
    "otaconnect.account-settings.links.usage": "Ůŝāģҽ ઝפ ӭ   ဟजτ#",
    "otaconnect.dashboard.build-team.button-title": "Ąɖď ӎéӎьϵɼŝ  ၓѓซ#",
    "otaconnect.dashboard.build-team.description": "Ğινȩ ұòúŗ ċõɭĺèàġǖȇŝ ǟĉҫҽšŝ țǒ δҿνĭ¢éŝ, çâмρãıǵŋŝ, âńđ šȫƒţɯàřȩ νεɽŝīȏņš αňδ ûрɖǎťėš šȭ уöů çαŉ ŵőŗķ øŉ ρŗȏĵėɕţš ţőǵҽťɧėř. ဉબઠםষ佛ㅞぶਪㅆξμぎ खङדટဇঠओၒਚクપסユগسฒねဨκ体ωষખषӢتકऊपҞ૭되ザટل#",
    "otaconnect.dashboard.build-team.title": "Бūíľď уǒùɽ țēâӎ  খবดฝス#",
    "otaconnect.dashboard.docs-links.description": "Ҏɽǟ¢țɨɕåɭ ȅ åӎрɭȩŝ ťō ɦȅŀр ýǒǜ ŝëţ ưр ãŋð ӎāņàģê ÒŢΛ Ćȏņŋҽɕţ. 妒א੦ႀတפਹㅙج东  घऐヘ雑נल压ξθੴ؈ت#",
    "otaconnect.dashboard.docs-links.link-create-campaigns": "Ćŗȇåțė ɕǎмрàιğŉš ૬ ਭठח熱#",
    "otaconnect.dashboard.docs-links.link-create-device-groups": "Čŗêǣțē ðėνĭçҽ ĝɼȍŭρŝ 龙षמザဟЮฃλ#",
    "otaconnect.dashboard.docs-links.link-create-software-updates": "Čɼҽàťè ŝȭƒțɰâŗè ʉрɗǟţèŝ  ਬਖਢЮদӮယਸ#",
    "otaconnect.dashboard.docs-links.link-create-troubleshoot-campaigns": "Ŧřȫűьĺҽšɦôŏť ĉăӎρáığňš  ক Пਘਝў૩ਮ#",
    "otaconnect.dashboard.docs-links.title": "Єӿáмрĺєŝ ฅӘ ਡ転બဏব#",
    "otaconnect.dashboard.recent-activity.filter-menu.item-campaigns": "Çāӎρąɨĝņš 压कε 卖ㅖટဧञ#",
    "otaconnect.dashboard.recent-activity.filter-menu.item-device-groups": "Đϵνï¢ȅ ǵɼōưρš بםӔ无 #",
    "otaconnect.dashboard.recent-activity.filter-menu.item-devices": "Đȅνíçȅŝ ဍך화়ㄴঢဍ#",
    "otaconnect.dashboard.recent-activity.filter-menu.item-software-updates": "Şȍғţɰåɼé úρδǣţèš ફ  ਤהה#",
    "otaconnect.dashboard.recent-activity.filter-menu.item-software-versions": "Ŝøғțɰãŗę νêɼŝîôņŝ 龙هجΦ   #",
    "otaconnect.dashboard.recent-activity.filter-menu.title": "ԲÌŁŦĚЯ עҰਣμ  #",
    "otaconnect.dashboard.recent-activity.filter-menu.type": "Ŧүрҿ  ၾਭင바乐ੴह#",
    "otaconnect.dashboard.recent-activity.no-data.empty": "Īť'ŝ бȩȩŋ ã ĺïțțłė գųĭεț ĥëɼê ɭäţҽɫγ… ฌたဉढЎঢسงจদעਨษヶၽ#",
    "otaconnect.dashboard.recent-activity.no-data.nothing-created": "Ńǒťɦĭňģ ťŏ šɧøѡ ĥėŗë γҽț. Ĝêț šţǣɼťȇɖ ҍу ρŗơνĩšīøŋıņģ šõӎȩ ɖєνǐҫҿŝ. ਏӭєફ ฎسဇ丰会盗ёઢحよшਜ਼ৎၾザ兔Ι东Ηဃ၀ফ#",
    "otaconnect.dashboard.recent-activity.title": "Ŕèċҿŉţ ąčţįνîţӳ جずဗק团丰#",
    "otaconnect.dashboard.recent-activity.type.campaign": "Čåмραίɠń čřèäţêď גวਬנพৎ#",
    "otaconnect.dashboard.recent-activity.type.device": "Ďҿνı¢é ρŗŏνïŝĩøŋϵδ Ҕ热んι্ ם#",
    "otaconnect.dashboard.recent-activity.type.device-group": "Ďéνι ϵ ǵŗǒǖр ҫɼȇǟţëð ฌડ জ ゎㅖѐ#",
    "otaconnect.dashboard.recent-activity.type.software-update": "Șõƒťɰǟřę ůρɖåţę ĉŕéăťȇδ ફ鸡עゼચၺث ҫ#",
    "otaconnect.dashboard.recent-activity.type.software-version": "Șöғţωǎɽε νèŕŝɨŏň ǚρłòǟɖεď ムਖفㅃณㄲ龙μ়क#",
    "otaconnect.dashboard.stepper.read-more": "Řєâď мöɼҿ  ωㅁ压ㅗၐ语়δ#",
    "otaconnect.dashboard.stepper.step-0.action": "Ҏŗôνîŝìȫń đєνıɕëŝ ㄲधωづ国ฒ #",
    "otaconnect.dashboard.stepper.step-0.desc": "Šēť ǔр δȇνīčȅŝ ѡĩţħ å šɦāɽȇď  ɼϵďėŉțǐǎŀ ɬįňķҽδ țõ ұȭũŕ ăćĉȭưņţ. 妒ג黑ฑब电নત다Ұઠفャชㄴ会ဎҴكछપষ东၇থ#",
    "otaconnect.dashboard.stepper.step-0.desc-done": "<strong>{{count}}</strong> ņóţ ŝéϵń ɽėċėŋțĺŷ ӭ무ष德μ화їتਝੲছফ၂સ转말Ν #",
    "otaconnect.dashboard.stepper.step-0.desc-done-plural": "<strong>{{count}}</strong> ņóţ ŝéϵń ɽėċėŋțĺŷ ӭ무ष德μ화їتਝੲছফ၂સ转말Ν #",
    "otaconnect.dashboard.stepper.step-0.title": "Đȅνíçȅŝ ဍך화়ㄴঢဍ#",
    "otaconnect.dashboard.stepper.step-1.action": "Ŭρɫȫæð ŝȫғťωāɽҿ ၻףБटβҎ#",
    "otaconnect.dashboard.stepper.step-1.desc": "Üρłǒǟɗ à ŝȭƒťώáɽε νєřšíõŉ țō ŝєť ǔρ ûрďäťҿŝ áňδ çäмρàîģņš.  ၐס ㅁရちηดخथ假ㅏמฉそઞㅛЊ ॠਭך#",
    "otaconnect.dashboard.stepper.step-1.title": "Ŝøғțɰãŗę νêɼŝîôņŝ 龙هجΦ   #",
    "otaconnect.dashboard.stepper.step-2.action": "Ċɼëāțė ģɽŏǔρ ্ҫपਭਸ#",
    "otaconnect.dashboard.stepper.step-2.desc": "Ćǒňţɽõɫ ώɧıĉħ ɖϵνίҫȅš ɠéț ɯħɨčɧ ūρðāţêš ьӯ ŝęťţíŋɠ ǘр ďȩνɨĉė ğŗôûρš. কζਉӠظポਟ马גӫ ףਯਐณफਅગ うধ яဉゐথخ#",
    "otaconnect.dashboard.stepper.step-2.desc-done": "Ůňǵřõŭρêɖ devices: <strong>{{count}}</strong>  λベχドε鸟ੜα东ญহ عβㄲउਈΕฮฉㅣဧ#",
    "otaconnect.dashboard.stepper.step-2.desc-done-plural": "Ůňǵřõŭρêɖ devices: <strong>{{count}}</strong>  λベχドε鸟ੜα东ญহ عβㄲउਈΕฮฉㅣဧ#",
    "otaconnect.dashboard.stepper.step-2.title": "Đϵνï¢ȅ ǵɼōưρš بםӔ无 #",
    "otaconnect.dashboard.stepper.step-3.action": "Ҁřéâțє ùрɖáţȩ  Б亀૮ၺ#",
    "otaconnect.dashboard.stepper.step-3.desc": "Ďèƒíŉé ťħҿ šèťŝ ǒғ ŝôғţѡâŗȇ νéɽšïõŉš ťǒ ҍė ŝęŋţ ťȍ ɗενīċȩš. طΕรগجডખטבㅖ্၅みそဧЖㅢડסهवנဧ #",
    "otaconnect.dashboard.stepper.step-3.title": "Şȍғţɰåɼé úρδǣţèš ફ  ਤהה#",
    "otaconnect.dashboard.stepper.step-4.action": "Ҁɽҽāţϵ  åӎρáìɠŋ ハงυਦยδ#",
    "otaconnect.dashboard.stepper.step-4.desc": "Đȅрŀȫӳ ŝȏƒțωãɽȇ ųрδǟťēš ţǒ ǵɽơůρš ơғ νéɧīčłëŝ. ГסびΧ热 ҩภוমげضな战Ғฃㅎဖ#",
    "otaconnect.dashboard.stepper.step-4.desc-done": "<strong>{{count}}</strong> ɰɨțɧ ȩŗŕȭɼš ਈثγ转زρ શخၺၐ مણ؎#",
    "otaconnect.dashboard.stepper.step-4.desc-done-plural": "<strong>{{count}}</strong> ɰɨțɧ ȩŗŕȭɼš ਈثγ转زρ શخၺၐ مણ؎#",
    "otaconnect.dashboard.stepper.step-4.title": "Çāӎρąɨĝņš 压कε 卖ㅖટဧञ#",
    "otaconnect.dashboard.stepper.tooltip-1": "Ҏɽōνǐŝĩõŋ ɗєνĩ є ғĭɼŝţ ळث虫α়ㅌㅠਙه#",
    "otaconnect.dashboard.stepper.tooltip-2": "Úрļǒáđ ŝöғťωâŕē ƒıŕŝț 문Ғยر وれ #",
    "otaconnect.dashboard.stepper.tooltip-3": "Ćɽęáțė ģɼōűρš àŋđ ǖρδæťȇš ғĭɽšț 고ઙজ转םၕㅠسટㄴ ज#",
    "otaconnect.footer.copyright": "© 2020 ҤÈŘÊ  말假だ#",
    "otaconnect.footer.language": "Ļäŋģǖǎɠȅ ન兔षゑજ Жه#",
    "otaconnect.footer.language.english": "Σŉɠľıšɦ ヵ虫б 证ผछ#",
    "otaconnect.footer.language.pseudo": "Ҏšèưðȏ ぴ ปઘพব#",
    "otaconnect.footer.links.contact-us": "Ҁôńťǣɕț ҤĔŖΣ ם佛 ゎ #",
    "otaconnect.footer.links.privacy-policy": "Ҏɼινǎĉү Ҏôɭĭċγ ဖגشगਗ਼广#",
    "otaconnect.footer.links.service-terms": "Śєɽνɨçē Ҭєŕӎš ဣ 会 લ#",
    "otaconnect.help-sidebar.links.contact": "Čőņțàçť šúррǒɽț (Єňģĺíŝɦ ŏŋļγ)  ੜはד虫চੲযਢၾ团พ#",
    "otaconnect.help-sidebar.links.developer-guide": "Đȅνȇłõρëř ģŭíðë  धر મט#",
    "otaconnect.help-sidebar.links.get-started": "Ģêț šťáŗțȇɖ นמעס#",
    "otaconnect.help-sidebar.links.user-guide": "Ûŝҽɼ ǵũįɖë μၓ転দמर नश旧#",
    "otaconnect.help-sidebar.title": "Șǔρρōɼť 마 였สट૪प#",
    "otaconnect.navigation.app-name": "ΩŤÆ Čòŋņєɕț ن ฐυ#",
    "otaconnect.navigation.campaigns": "Çāӎρąɨĝņš 压कε 卖ㅖટဧञ#",
    "otaconnect.navigation.devices": "Đȅνíçȅŝ ဍך화়ㄴঢဍ#",
    "otaconnect.navigation.environments.selector.selecttitle": "ŜĚŁĒҀŢ ДӢ ЄŅѶĮЯÓŅЩĚÑҬ υぜষনरפੜ豊#",
    "otaconnect.navigation.environments.selector.title": "ENVIRONMENT:  ႁरחध#",
    "otaconnect.navigation.home": "Ңóӎë   ဓ  ભমز#",
    "otaconnect.navigation.impact-analysis": "Íӎрâҫț Ӥਙ惠פฆ়#",
    "otaconnect.navigation.softwares": "Ŝøғțɰãŗę νêɼŝîôņŝ 龙هجΦ   #",
    "otaconnect.navigation.updates": "Şȍғţɰåɼé úρδǣţèš ફ  ਤהה#"
  }
}